1XBA,1XBCA,1XBCD,1XBCH,1XBD,1XBH,ABP,AC,AF,AFKC,AG,AHCh,AHW,AHh,AO,AR,AS,AST,AT,AY,Attendance,Avg<2.5,Avg>2.5,AvgA,AvgAHA,AvgAHH,AvgC<2.5,AvgC>2.5,AvgCA,AvgCAHA,AvgCAHH,AvgCD,AvgCH,AvgD,AvgH,Away,AwayTeam,B365<2.5,B365>2.5,B365A,B365AH,B365AHA,B365AHH,B365C<2.5,B365C>2.5,B365CA,B365CAHA,B365CAHH,B365CD,B365CH,B365D,B365H,B36CA,BFA,BFCA,BFCD,BFCH,BFD,BFDA,BFDCA,BFDCD,BFDCH,BFDD,BFDH,BFE<2.5,BFE>2.5,BFEA,BFEAHA,BFEAHH,BFEC<2.5,BFEC>2.5,BFECA,BFECAHA,BFECAHH,BFECD,BFECH,BFED,BFEH,BFH,BMGMA,BMGMCA,BMGMCD,BMGMCH,BMGMD,BMGMH,BSA,BSD,BSH,BVA,BVCA,BVCD,BVCH,BVD,BVH,BWA,BWCA,BWCD,BWCH,BWD,BWH,Bb1X2,BbAH,BbAHh,BbAv<2.5,BbAv>2.5,BbAvA,BbAvAHA,BbAvAHH,BbAvD,BbAvH,BbMx<2.5,BbMx>2.5,BbMxA,BbMxAHA,BbMxAHH,BbMxD,BbMxH,BbOU,CLA,CLCA,CLCD,CLCH,CLD,CLH,Date,Div,FTAG,FTHG,FTR,GB<2.5,GB>2.5,GBA,GBAH,GBAHA,GBAHH,GBD,GBH,HBP,HC,HF,HFKC,HG,HHW,HO,HR,HS,HST,HT,HTAG,HTHG,HTR,HY,Home,HomeTeam,IWA,IWCA,IWCD,IWCH,IWD,IWH,LB,LB.1,LB.2,LBA,LBAH,LBAHA,LBAHH,LBCA,LBCD,LBCH,LBD,LBH,League,Max<2.5,Max>2.5,MaxA,MaxAHA,MaxAHH,MaxC<2.5,MaxC>2.5,MaxCA,MaxCAHA,MaxCAHH,MaxCD,MaxCH,MaxD,MaxH,P<2.5,P>2.5,PAHA,PAHH,PC<2.5,PC>2.5,PCAHA,PCAHH,PSA,PSCA,PSCD,PSCH,PSD,PSH,Referee,Res,SBA,SBD,SBH,SJA,SJD,SJH,SOA,SOD,SOH,SYA,SYD,SYH,Season,Time,Unnamed: 10,Unnamed: 105,Unnamed: 106,Unnamed: 11,Unnamed: 119,Unnamed: 12,Unnamed: 120,Unnamed: 121,Unnamed: 13,Unnamed: 14,Unnamed: 15,Unnamed: 16,Unnamed: 17,Unnamed: 18,Unnamed: 19,Unnamed: 20,Unnamed: 21,Unnamed: 22,Unnamed: 23,Unnamed: 24,Unnamed: 25,Unnamed: 26,Unnamed: 27,Unnamed: 28,Unnamed: 29,Unnamed: 30,Unnamed: 31,Unnamed: 32,Unnamed: 33,Unnamed: 34,Unnamed: 35,Unnamed: 36,Unnamed: 37,Unnamed: 38,Unnamed: 39,Unnamed: 40,Unnamed: 41,Unnamed: 42,Unnamed: 43,Unnamed: 44,Unnamed: 45,Unnamed: 46,Unnamed: 47,Unnamed: 48,Unnamed: 49,Unnamed: 50,Unnamed: 51,Unnamed: 52,Unnamed: 53,Unnamed: 54,Unnamed: 55,Unnamed: 56,Unnamed: 57,Unnamed: 58,Unnamed: 59,Unnamed: 60,Unnamed: 61,Unnamed: 62,Unnamed: 7,Unnamed: 70,Unnamed: 71,Unnamed: 72,Unnamed: 8,Unnamed: 9,VCA,VCCA,VCCD,VCCH,VCD,VCH,WHA,WHCA,WHCD,WHCH,WHD,WHH,ï»¿Country,ï»¿Div
,,,,,,,,,,,,,-0.25,,,,,,,,1.59,2.21,3.12,1.78,1.96,,,,,,,,3.13,2.32,,Oud-Heverlee Leuven,1.62,2.25,3.2,,1.83,1.98,,,,,,,,3.0,2.35,,,,,,,3.1,,,,3.1,2.3,1.69,2.34,3.5,1.89,2.04,,,,,,,,3.2,2.4,,3.1,,,,3.1,2.38,,,,3.13,,,,3.2,2.3,3.1,,,,3.2,2.4,,,,,,,,,,,,,,,,,,,3.1,,,,3.2,2.4,12/12/2025,,,,,,,,,,,,,,,,,,,,,,,,,,,,,Standard,,,,,,,,,,3.0,,,,,,,3.2,2.37,,1.67,2.28,3.2,1.83,2.0,,,,,,,,3.25,2.4,,,,,,,,,,,,,,,,,,,,,,,,,,,,,,19:45,,,,,,,,,,,,,,,,,,,,,,,,,,,,,,,,,,,,,,,,,,,,,,,,,,,,,,,,,,,,,,,,,,,,,,,,,,,,,,B1
,,,,,,,,,,,,,-0.5,,,,,,,,2.2,1.6,4.03,1.96,1.76,,,,,,,,3.78,1.78,,Mechelen,2.2,1.65,3.9,,2.0,1.8,,,,,,,,3.8,1.8,,,,,,,4.0,,,,3.75,1.8,2.3,1.66,4.4,2.12,1.82,,,,,,,,4.0,1.82,,4.1,,,,3.85,1.79,,,,4.0,,,,3.7,1.75,4.2,,,,3.9,1.78,,,,,,,,,,,,,,,,,,,4.2,,,,3.9,1.8,13/12/2025,,,,,,,,,,,,,,,,,,,,,,,,,,,,,Cercle Brugge,,,,,,,,,,4.2,,,,,,,3.8,1.8,,2.25,1.65,4.2,2.0,1.83,,,,,,,,3.9,1.81,,,,,,,,,,,,,,,,,,,,,,,,,,,,,,15:00,,,,,,,,,,,,,,,,,,,,,,,,,,,,,,,,,,,,,,,,,,,,,,,,,,,,,,,,,,,,,,,,,,,,,,,,,,,,,,B1
,,,,,,,,,,,,,-0.25,,,,,,,,1.71,2.02,3.14,1.84,1.89,,,,,,,,3.23,2.24,,RAAL La Louviere,1.75,2.05,3.2,,1.85,1.95,,,,,,,,3.25,2.25,,,,,,,3.1,,,,3.2,2.25,1.8,2.08,3.45,1.92,1.97,,,,,,,,3.1,2.32,,3.25,,,,3.25,2.2,,,,3.1,,,,3.2,2.2,3.1,,,,3.3,2.3,,,,,,,,,,,,,,,,,,,3.1,,,,3.3,2.3,13/12/2025,,,,,,,,,,,,,,,,,,,,,,,,,,,,,Waregem,,,,,,,,,,3.0,,,,,,,3.3,2.3,,1.75,2.1,3.25,1.88,1.95,,,,,,,,3.3,2.3,,,,,,,,,,,,,,,,,,,,,,,,,,,,,,17:15,,,,,,,,,,,,,,,,,,,,,,,,,,,,,,,,,,,,,,,,,,,,,,,,,,,,,,,,,,,,,,,,,,,,,,,,,,,,,,B1
,,,,,,,,,,,,,-0.5,,,,,,,,2.14,1.64,3.77,1.87,1.84,,,,,,,,3.68,1.86,,St Truiden,2.15,1.67,3.7,,1.9,1.9,,,,,,,,3.75,1.85,,,,,,,3.75,,,,3.6,1.9,2.2,1.69,3.95,1.94,2.02,,,,,,,,3.7,2.02,,4.0,,,,3.8,1.82,,,,3.6,,,,3.6,1.87,3.8,,,,3.8,1.87,,,,,,,,,,,,,,,,,,,3.8,,,,3.8,1.85,13/12/2025,,,,,,,,,,,,,,,,,,,,,,,,,,,,,Anderlecht,,,,,,,,,,3.75,,,,,,,3.8,1.85,,2.2,1.67,4.0,1.95,1.9,,,,,,,,3.8,1.91,,,,,,,,,,,,,,,,,,,,,,,,,,,,,,19:45,,,,,,,,,,,,,,,,,,,,,,,,,,,,,,,,,,,,,,,,,,,,,,,,,,,,,,,,,,,,,,,,,,,,,,,,,,,,,,B1
,,,,,,,,,,,,,-0.25,,,,,,,,1.91,1.8,3.12,1.88,1.84,,,,,,,,3.39,2.18,,Antwerp,1.98,1.83,3.2,,1.9,1.9,,,,,,,,3.4,2.2,,,,,,,3.1,,,,3.3,2.2,2.0,1.84,3.45,,,,,,,,,,3.35,2.34,,3.25,,,,3.45,2.15,,,,3.0,,,,3.4,2.15,3.0,,,,3.5,2.25,,,,,,,,,,,,,,,,,,,3.0,,,,3.5,2.25,14/12/2025,,,,,,,,,,,,,,,,,,,,,,,,,,,,,Gent,,,,,,,,,,3.0,,,,,,,3.5,2.25,,1.98,1.83,3.33,1.91,1.9,,,,,,,,3.5,2.25,,,,,,,,,,,,,,,,,,,,,,,,,,,,,,12:30,,,,,,,,,,,,,,,,,,,,,,,,,,,,,,,,,,,,,,,,,,,,,,,,,,,,,,,,,,,,,,,,,,,,,,,,,,,,,,B1
,,,,,,,,,,,,,1.0,,,,,,,,2.31,1.55,1.54,1.87,1.86,,,,,,,,4.24,5.25,,Club Brugge,2.4,1.53,1.55,,1.9,1.9,,,,,,,,4.33,5.25,,,,,,,1.53,,,,4.2,5.5,2.44,1.01,1.58,,,,,,,,,,4.7,5.6,,1.56,,,,4.1,5.6,,,,1.5,,,,4.2,5.25,1.57,,,,4.4,5.25,,,,,,,,,,,,,,,,,,,1.57,,,,4.4,5.25,14/12/2025,,,,,,,,,,,,,,,,,,,,,,,,,,,,,Dender,,,,,,,,,,1.57,,,,,,,4.4,5.0,,2.4,1.61,1.57,1.9,1.91,,,,,,,,4.5,5.6,,,,,,,,,,,,,,,,,,,,,,,,,,,,,,15:00,,,,,,,,,,,,,,,,,,,,,,,,,,,,,,,,,,,,,,,,,,,,,,,,,,,,,,,,,,,,,,,,,,,,,,,,,,,,,,B1
,,,,,,,,,,,,,0.5,,,,,,,,1.78,1.94,1.8,1.77,1.96,,,,,,,,3.48,4.31,,St. Gilloise,1.85,1.95,1.83,,1.83,1.98,,,,,,,,3.5,4.33,,,,,,,1.8,,,,3.5,4.2,1.82,2.0,1.84,,,,,,,,,,3.65,4.6,,1.82,,,,3.45,4.5,,,,1.8,,,,3.4,4.1,1.8,,,,3.7,4.33,,,,,,,,,,,,,,,,,,,1.8,,,,3.7,4.33,14/12/2025,,,,,,,,,,,,,,,,,,,,,,,,,,,,,Charleroi,,,,,,,,,,1.8,,,,,,,3.6,4.33,,1.85,2.0,1.83,1.83,2.0,,,,,,,,3.7,4.75,,,,,,,,,,,,,,,,,,,,,,,,,,,,,,17:30,,,,,,,,,,,,,,,,,,,,,,,,,,,,,,,,,,,,,,,,,,,,,,,,,,,,,,,,,,,,,,,,,,,,,,,,,,,,,,B1
,,,,,,,,,,,,,-0.75,,,,,,,,2.54,1.46,4.35,1.93,1.8,,,,,,,,4.11,1.66,,Westerlo,2.6,1.48,4.33,,1.95,1.85,,,,,,,,4.1,1.7,,,,,,,4.33,,,,4.0,1.67,2.76,1.47,5.2,,,,,,,,,,4.5,1.69,,4.75,,,,4.2,1.62,,,,4.2,,,,4.1,1.65,4.33,,,,4.2,1.7,,,,,,,,,,,,,,,,,,,4.33,,,,4.2,1.7,14/12/2025,,,,,,,,,,,,,,,,,,,,,,,,,,,,,Genk,,,,,,,,,,4.2,,,,,,,4.2,1.7,,2.63,1.5,4.75,2.0,1.85,,,,,,,,4.2,1.7,,,,,,,,,,,,,,,,,,,,,,,,,,,,,,18:15,,,,,,,,,,,,,,,,,,,,,,,,,,,,,,,,,,,,,,,,,,,,,,,,,,,,,,,,,,,,,,,,,,,,,,,,,,,,,,B1
,,,,,,,,,,,,,0.25,,,,,,,,1.86,1.89,2.19,1.84,1.88,,,,,,,,3.38,3.22,,RB Leipzig,1.88,1.98,2.2,,1.95,1.9,,,,,,,,3.5,3.2,,,,,,,2.2,,,,3.3,3.25,1.97,2.0,2.36,2.02,1.95,,,,,,,,3.55,3.35,,2.2,,,,3.35,3.3,,,,2.2,,,,3.4,3.13,2.25,,,,3.4,3.2,,,,,,,,,,,,,,,,,,,2.25,,,,3.4,3.2,12/12/2025,,,,,,,,,,,,,,,,,,,,,,,,,,,,,Union Berlin,,,,,,,,,,2.2,,,,,,,3.4,3.1,,2.0,1.98,2.25,1.95,1.9,,,,,,,,3.6,3.5,1.89,2.01,2.0,1.93,,,,,2.31,,,,3.47,3.27,,,,,,,,,,,,,,,,19:30,,,,,,,,,,,,,,,,,,,,,,,,,,,,,,,,,,,,,,,,,,,,,,,,,,,,,,,,,,,,,,,,,,,,,,,,,,,,,,D1
,,,,,,,,,,,,,-0.75,,,,,,,,2.36,1.55,4.39,1.92,1.84,,,,,,,,4.06,1.68,,Augsburg,2.38,1.57,4.33,,1.95,1.9,,,,,,,,4.2,1.7,,,,,,,4.5,,,,4.0,1.7,2.46,1.65,4.8,2.01,1.96,,,,,,,,4.3,1.77,,4.6,,,,4.0,1.7,,,,4.2,,,,3.9,1.65,4.33,,,,4.2,1.7,,,,,,,,,,,,,,,,,,,4.33,,,,4.2,1.7,13/12/2025,,,,,,,,,,,,,,,,,,,,,,,,,,,,,Ein Frankfurt,,,,,,,,,,4.33,,,,,,,4.2,1.7,,2.43,1.6,4.6,1.95,1.9,,,,,,,,4.25,1.71,2.4,1.61,1.99,1.92,,,,,4.51,,,,4.27,1.72,,,,,,,,,,,,,,,,14:30,,,,,,,,,,,,,,,,,,,,,,,,,,,,,,,,,,,,,,,,,,,,,,,,,,,,,,,,,,,,,,,,,,,,,,,,,,,,,,D1
,,,,,,,,,,,,,-0.75,,,,,,,,2.49,1.5,4.21,1.89,1.88,,,,,,,,4.06,1.71,,Hamburg,2.63,1.5,4.2,,1.98,1.88,,,,,,,,4.33,1.7,,,,,,,4.2,,,,4.0,1.73,2.68,1.57,4.9,2.04,1.93,,,,,,,,4.3,1.75,,4.35,,,,3.95,1.75,,,,4.2,,,,3.9,1.65,4.0,,,,4.2,1.75,,,,,,,,,,,,,,,,,,,4.0,,,,4.2,1.75,13/12/2025,,,,,,,,,,,,,,,,,,,,,,,,,,,,,Hoffenheim,,,,,,,,,,4.0,,,,,,,4.2,1.75,,2.63,1.53,4.5,1.98,1.94,,,,,,,,4.33,1.75,2.6,1.52,2.0,1.91,,,,,4.47,,,,4.33,1.72,,,,,,,,,,,,,,,,14:30,,,,,,,,,,,,,,,,,,,,,,,,,,,,,,,,,,,,,,,,,,,,,,,,,,,,,,,,,,,,,,,,,,,,,,,,,,,,,,D1
,,,,,,,,,,,,,-0.5,,,,,,,,2.33,1.56,3.47,1.82,1.91,,,,,,,,3.75,1.96,,Wolfsburg,2.38,1.57,3.6,,1.88,1.98,,,,,,,,3.8,1.95,,,,,,,3.4,,,,3.75,2.0,2.42,1.69,3.7,1.91,2.08,,,,,,,,3.9,2.08,,3.55,,,,3.85,1.96,,,,3.3,,,,3.7,1.91,3.4,,,,3.8,1.98,,,,,,,,,,,,,,,,,,,3.4,,,,3.9,2.0,13/12/2025,,,,,,,,,,,,,,,,,,,,,,,,,,,,,M'gladbach,,,,,,,,,,3.4,,,,,,,3.8,1.95,,2.38,1.62,3.66,1.88,1.98,,,,,,,,3.9,2.0,2.42,1.61,1.92,1.99,,,,,3.69,,,,3.85,1.98,,,,,,,,,,,,,,,,14:30,,,,,,,,,,,,,,,,,,,,,,,,,,,,,,,,,,,,,,,,,,,,,,,,,,,,,,,,,,,,,,,,,,,,,,,,,,,,,,D1
,,,,,,,,,,,,,-0.5,,,,,,,,1.68,2.11,3.96,1.83,1.91,,,,,,,,3.33,1.94,,Heidenheim,1.67,2.2,4.0,,1.88,1.98,,,,,,,,3.4,1.95,,,,,,,4.0,,,,3.3,1.95,1.76,2.24,4.4,1.96,2.02,,,,,,,,3.5,2.02,,4.2,,,,3.3,1.95,,,,3.75,,,,3.2,1.91,3.9,,,,3.4,1.98,,,,,,,,,,,,,,,,,,,3.9,,,,3.4,1.95,13/12/2025,,,,,,,,,,,,,,,,,,,,,,,,,,,,,St Pauli,,,,,,,,,,3.9,,,,,,,3.4,1.95,,1.73,2.2,4.2,1.9,1.98,,,,,,,,3.5,2.0,1.74,2.19,1.92,1.99,,,,,4.18,,,,3.45,1.98,,,,,,,,,,,,,,,,14:30,,,,,,,,,,,,,,,,,,,,,,,,,,,,,,,,,,,,,,,,,,,,,,,,,,,,,,,,,,,,,,,,,,,,,,,,,,,,,,D1
,,,,,,,,,,,,,-1.0,,,,,,,,2.53,1.49,5.28,1.92,1.86,,,,,,,,4.44,1.53,,FC Koln,2.5,1.53,5.25,,1.98,1.88,,,,,,,,4.33,1.55,,,,,,,5.5,,,,4.33,1.53,2.68,1.57,5.9,1.99,1.98,,,,,,,,4.6,1.62,,5.4,,,,4.4,1.56,,,,5.0,,,,4.2,1.5,5.5,,,,4.6,1.52,,,,,,,,,,,,,,,,,,,5.5,,,,4.6,1.53,13/12/2025,,,,,,,,,,,,,,,,,,,,,,,,,,,,,Leverkusen,,,,,,,,,,5.5,,,,,,,4.6,1.5,,2.63,1.53,5.5,1.98,1.9,,,,,,,,4.75,1.57,2.58,1.54,1.96,1.93,,,,,5.33,,,,4.68,1.57,,,,,,,,,,,,,,,,17:30,,,,,,,,,,,,,,,,,,,,,,,,,,,,,,,,,,,,,,,,,,,,,,,,,,,,,,,,,,,,,,,,,,,,,,,,,,,,,,D1
,,,,,,,,,,,,,0.25,,,,,,,,1.94,1.8,2.12,1.78,1.95,,,,,,,,3.44,3.25,,Dortmund,2.03,1.83,2.15,,1.88,1.98,,,,,,,,3.5,3.25,,,,,,,2.15,,,,3.4,3.25,2.1,1.85,2.24,1.93,2.05,,,,,,,,3.6,3.5,,2.1,,,,3.5,3.45,,,,2.1,,,,3.3,3.1,2.1,,,,3.5,3.3,,,,,,,,,,,,,,,,,,,2.1,,,,3.5,3.3,14/12/2025,,,,,,,,,,,,,,,,,,,,,,,,,,,,,Freiburg,,,,,,,,,,2.1,,,,,,,3.5,3.3,,2.03,1.86,2.2,1.88,1.98,,,,,,,,3.5,3.45,2.06,1.82,1.92,1.99,,,,,2.2,,,,3.59,3.32,,,,,,,,,,,,,,,,14:30,,,,,,,,,,,,,,,,,,,,,,,,,,,,,,,,,,,,,,,,,,,,,,,,,,,,,,,,,,,,,,,,,,,,,,,,,,,,,,D1
,,,,,,,,,,,,,-2.75,,,,,,,,4.11,1.21,19.25,1.8,1.97,,,,,,,,10.18,1.09,,Mainz,4.33,1.22,21.0,,1.85,2.0,,,,,,,,11.0,1.09,,,,,,,21.0,,,,9.5,1.1,4.5,1.26,32.0,1.9,2.01,,,,,,,,13.0,1.11,,19.0,,,,11.0,1.1,,,,18.0,,,,9.0,1.07,20.0,,,,11.5,1.11,,,,,,,,,,,,,,,,,,,19.0,,,,11.0,1.11,14/12/2025,,,,,,,,,,,,,,,,,,,,,,,,,,,,,Bayern Munich,,,,,,,,,,19.0,,,,,,,11.0,1.1,,4.33,1.23,21.0,1.85,2.0,,,,,,,,11.5,1.11,,,1.87,2.01,,,,,21.79,,,,12.74,1.09,,,,,,,,,,,,,,,,16:30,,,,,,,,,,,,,,,,,,,,,,,,,,,,,,,,,,,,,,,,,,,,,,,,,,,,,,,,,,,,,,,,,,,,,,,,,,,,,,D1
,,,,,,,,,,,,,0.25,,,,,,,,2.44,1.52,2.21,1.89,1.84,,,,,,,,3.71,2.88,,Stuttgart,2.5,1.53,2.25,,2.0,1.85,,,,,,,,3.8,2.9,,,,,,,2.2,,,,3.6,3.0,2.58,1.62,2.36,2.07,1.92,,,,,,,,3.9,3.05,,2.23,,,,3.8,2.95,,,,2.15,,,,3.6,2.8,2.2,,,,3.8,2.9,,,,,,,,,,,,,,,,,,,2.2,,,,3.8,2.9,14/12/2025,,,,,,,,,,,,,,,,,,,,,,,,,,,,,Werder Bremen,,,,,,,,,,2.2,,,,,,,3.8,2.87,,2.55,1.53,2.26,2.0,1.86,,,,,,,,3.8,3.0,2.54,1.54,2.03,1.88,,,,,2.3,,,,3.92,2.91,,,,,,,,,,,,,,,,18:30,,,,,,,,,,,,,,,,,,,,,,,,,,,,,,,,,,,,,,,,,,,,,,,,,,,,,,,,,,,,,,,,,,,,,,,,,,,,,,D1
,,,,,,,,,,,,,-0.25,,,,,,,,1.9,1.8,3.27,1.89,1.8,,,,,,,,3.25,2.16,,Braunschweig,1.93,1.88,3.4,,1.9,1.9,,,,,,,,3.1,2.25,,,,,,,3.2,,,,3.3,2.15,2.04,1.92,3.45,1.99,1.97,,,,,,,,3.5,2.3,,3.35,,,,3.45,2.05,,,,3.13,,,,3.4,2.2,3.25,,,,3.3,2.2,,,,,,,,,,,,,,,,,,,3.1,,,,3.1,2.15,12/12/2025,,,,,,,,,,,,,,,,,,,,,,,,,,,,,Dresden,,,,,,,,,,3.1,,,,,,,3.1,2.15,,2.0,1.88,3.4,1.95,1.9,,,,,,,,3.55,2.25,,,,,,,,,,,,,,,,,,,,,,,,,,,,,,17:30,,,,,,,,,,,,,,,,,,,,,,,,,,,,,,,,,,,,,,,,,,,,,,,,,,,,,,,,,,,,,,,,,,,,,,,,,,,,,,D2
,,,,,,,,,,,,,0.5,,,,,,,,2.11,1.65,1.88,1.83,1.86,,,,,,,,3.64,3.67,,Hertha,2.1,1.7,1.9,,1.88,1.93,,,,,,,,3.7,3.75,,,,,,,1.91,,,,3.6,3.6,2.2,1.82,1.99,1.99,1.98,,,,,,,,3.95,3.95,,1.88,,,,3.65,3.7,,,,1.87,,,,3.7,3.7,1.88,,,,3.8,3.75,,,,,,,,,,,,,,,,,,,1.83,,,,3.6,3.5,12/12/2025,,,,,,,,,,,,,,,,,,,,,,,,,,,,,Greuther Furth,,,,,,,,,,1.83,,,,,,,3.6,3.5,,2.25,1.7,1.92,1.9,1.93,,,,,,,,3.8,3.8,,,,,,,,,,,,,,,,,,,,,,,,,,,,,,17:30,,,,,,,,,,,,,,,,,,,,,,,,,,,,,,,,,,,,,,,,,,,,,,,,,,,,,,,,,,,,,,,,,,,,,,,,,,,,,,D2
,,,,,,,,,,,,,-0.25,,,,,,,,2.15,1.62,3.07,1.85,1.83,,,,,,,,3.46,2.14,,Kaiserslautern,2.25,1.62,3.25,,1.95,1.85,,,,,,,,3.4,2.2,,,,,,,3.1,,,,3.5,2.1,2.3,1.69,3.4,1.99,1.93,,,,,,,,3.55,2.24,,2.95,,,,3.5,2.2,,,,3.0,,,,3.6,2.1,3.0,,,,3.7,2.15,,,,,,,,,,,,,,,,,,,2.87,,,,3.5,2.1,13/12/2025,,,,,,,,,,,,,,,,,,,,,,,,,,,,,Bielefeld,,,,,,,,,,2.87,,,,,,,3.5,2.1,,2.25,1.67,3.33,1.95,1.86,,,,,,,,3.7,2.23,,,,,,,,,,,,,,,,,,,,,,,,,,,,,,12:00,,,,,,,,,,,,,,,,,,,,,,,,,,,,,,,,,,,,,,,,,,,,,,,,,,,,,,,,,,,,,,,,,,,,,,,,,,,,,,D2
,,,,,,,,,,,,,0.5,,,,,,,,2.16,1.62,1.97,1.93,1.77,,,,,,,,3.6,3.38,,Paderborn,2.2,1.65,2.05,,2.03,1.78,,,,,,,,3.6,3.5,,,,,,,1.95,,,,3.6,3.4,2.3,1.69,2.08,2.08,1.86,,,,,,,,3.95,3.5,,1.95,,,,3.6,3.5,,,,2.0,,,,3.6,3.25,1.98,,,,3.9,3.4,,,,,,,,,,,,,,,,,,,1.91,,,,3.6,3.2,13/12/2025,,,,,,,,,,,,,,,,,,,,,,,,,,,,,Karlsruhe,,,,,,,,,,1.91,,,,,,,3.6,3.2,,2.2,1.65,2.05,2.03,1.85,,,,,,,,3.9,3.6,,,,,,,,,,,,,,,,,,,,,,,,,,,,,,12:00,,,,,,,,,,,,,,,,,,,,,,,,,,,,,,,,,,,,,,,,,,,,,,,,,,,,,,,,,,,,,,,,,,,,,,,,,,,,,,D2
,,,,,,,,,,,,,-0.25,,,,,,,,2.28,1.56,2.91,1.77,1.92,,,,,,,,3.44,2.23,,Holstein Kiel,2.35,1.57,3.0,,1.85,1.95,,,,,,,,3.4,2.25,,,,,,,3.0,,,,3.5,2.2,2.46,1.6,3.2,1.92,2.01,,,,,,,,3.6,2.32,,2.8,,,,3.5,2.28,,,,2.8,,,,3.6,2.2,2.95,,,,3.6,2.25,,,,,,,,,,,,,,,,,,,2.75,,,,3.4,2.15,13/12/2025,,,,,,,,,,,,,,,,,,,,,,,,,,,,,Magdeburg,,,,,,,,,,2.75,,,,,,,3.4,2.15,,2.38,1.6,3.1,1.85,1.95,,,,,,,,3.6,2.33,,,,,,,,,,,,,,,,,,,,,,,,,,,,,,12:00,,,,,,,,,,,,,,,,,,,,,,,,,,,,,,,,,,,,,,,,,,,,,,,,,,,,,,,,,,,,,,,,,,,,,,,,,,,,,,D2
,,,,,,,,,,,,,-0.75,,,,,,,,2.34,1.53,4.36,1.86,1.82,,,,,,,,3.78,1.71,,Bochum,2.35,1.57,5.0,,1.9,1.9,,,,,,,,3.6,1.73,,,,,,,4.2,,,,3.75,1.73,2.56,1.58,5.0,1.97,1.96,,,,,,,,3.9,1.78,,4.4,,,,3.95,1.67,,,,4.1,,,,3.9,1.7,4.1,,,,4.0,1.77,,,,,,,,,,,,,,,,,,,3.8,,,,3.7,1.7,13/12/2025,,,,,,,,,,,,,,,,,,,,,,,,,,,,,Hannover,,,,,,,,,,3.8,,,,,,,3.7,1.7,,2.45,1.57,5.0,1.9,1.9,,,,,,,,4.1,1.77,,,,,,,,,,,,,,,,,,,,,,,,,,,,,,19:30,,,,,,,,,,,,,,,,,,,,,,,,,,,,,,,,,,,,,,,,,,,,,,,,,,,,,,,,,,,,,,,,,,,,,,,,,,,,,,D2
,,,,,,,,,,,,,-0.75,,,,,,,,2.14,1.63,4.84,1.9,1.79,,,,,,,,3.76,1.64,,PreuÃen MÃ¼nster,2.2,1.65,5.25,,1.98,1.83,,,,,,,,3.6,1.67,,,,,,,4.6,,,,4.0,1.62,2.26,1.69,5.6,,,,,,,,,,4.0,1.69,,4.6,,,,3.85,1.66,,,,4.6,,,,3.9,1.62,4.8,,,,4.0,1.66,,,,,,,,,,,,,,,,,,,4.4,,,,3.7,1.61,14/12/2025,,,,,,,,,,,,,,,,,,,,,,,,,,,,,Darmstadt,,,,,,,,,,4.4,,,,,,,3.7,1.61,,2.2,1.65,5.66,1.98,1.83,,,,,,,,4.0,1.7,,,,,,,,,,,,,,,,,,,,,,,,,,,,,,12:30,,,,,,,,,,,,,,,,,,,,,,,,,,,,,,,,,,,,,,,,,,,,,,,,,,,,,,,,,,,,,,,,,,,,,,,,,,,,,,D2
,,,,,,,,,,,,,-1.0,,,,,,,,2.34,1.53,5.06,1.83,1.88,,,,,,,,4.26,1.54,,Fortuna Dusseldorf,2.4,1.53,5.5,,1.95,1.85,,,,,,,,4.33,1.53,,,,,,,5.5,,,,4.2,1.53,2.5,1.54,5.6,,,,,,,,,,4.5,1.57,,4.7,,,,4.1,1.62,,,,5.25,,,,4.33,1.5,5.0,,,,4.5,1.58,,,,,,,,,,,,,,,,,,,4.6,,,,4.2,1.53,14/12/2025,,,,,,,,,,,,,,,,,,,,,,,,,,,,,Elversberg,,,,,,,,,,4.6,,,,,,,4.2,1.53,,2.4,1.55,5.5,1.95,1.98,,,,,,,,4.5,1.66,,,,,,,,,,,,,,,,,,,,,,,,,,,,,,12:30,,,,,,,,,,,,,,,,,,,,,,,,,,,,,,,,,,,,,,,,,,,,,,,,,,,,,,,,,,,,,,,,,,,,,,,,,,,,,,D2
,,,,,,,,,,,,,-0.75,,,,,,,,1.86,1.84,4.37,1.81,1.88,,,,,,,,3.64,1.73,,Nurnberg,1.9,1.9,4.33,,1.8,2.0,,,,,,,,3.8,1.75,,,,,,,4.33,,,,3.6,1.73,1.92,1.94,4.7,,,,,,,,,,3.85,1.82,,4.75,,,,3.75,1.66,,,,4.33,,,,3.6,1.73,4.5,,,,3.75,1.77,,,,,,,,,,,,,,,,,,,4.2,,,,3.5,1.7,14/12/2025,,,,,,,,,,,,,,,,,,,,,,,,,,,,,Schalke 04,,,,,,,,,,4.2,,,,,,,3.5,1.7,,1.9,1.9,4.9,1.88,2.0,,,,,,,,3.85,1.78,,,,,,,,,,,,,,,,,,,,,,,,,,,,,,12:30,,,,,,,,,,,,,,,,,,,,,,,,,,,,,,,,,,,,,,,,,,,,,,,,,,,,,,,,,,,,,,,,,,,,,,,,,,,,,,D2
,,,,,,,,,,,,,-0.75,,,,,,,,1.91,1.84,5.09,1.95,1.82,,,,,,,,3.9,1.66,,Everton,1.98,1.88,5.25,,2.0,1.85,,,,,,,,3.8,1.67,,,,,,,5.5,,,,3.75,1.67,2.06,1.92,5.6,2.06,1.92,,,,,,,,4.1,1.72,,5.1,,,,3.95,1.68,,,,5.25,,,,3.9,1.65,5.0,,,,4.0,1.65,,,,,,,,,,,,,,,,,,,5.0,,,,4.0,1.65,13/12/2025,,,,,,,,,,,,,,,,,,,,,,,,,,,,,Chelsea,,,,,,,,,,4.8,,,,,,,4.0,1.65,,1.98,1.91,5.5,2.0,1.85,,,,,,,,4.0,1.7,2.0,1.89,2.04,1.87,,,,,5.3,,,,4.04,1.67,T Bramall,,,,,,,,,,,,,,,15:00,,,,,,,,,,,,,,,,,,,,,,,,,,,,,,,,,,,,,,,,,,,,,,,,,,,,,,,,,,,,,,,,,,,,,,,,,,,,,,E0
,,,,,,,,,,,,,-0.75,,,,,,,,2.48,1.5,4.62,1.96,1.8,,,,,,,,4.17,1.67,,Brighton,2.5,1.53,4.75,,2.03,1.83,,,,,,,,4.0,1.67,,,,,,,5.0,,,,4.2,1.67,2.66,1.58,5.0,2.07,1.91,,,,,,,,4.4,1.73,,4.8,,,,4.3,1.67,,,,4.6,,,,4.2,1.67,4.4,,,,4.2,1.68,,,,,,,,,,,,,,,,,,,4.4,,,,4.2,1.7,13/12/2025,,,,,,,,,,,,,,,,,,,,,,,,,,,,,Liverpool,,,,,,,,,,4.4,,,,,,,4.2,1.67,,2.6,1.53,5.0,2.03,1.83,,,,,,,,4.3,1.7,2.62,1.53,2.03,1.88,,,,,4.68,,,,4.32,1.69,C Pawson,,,,,,,,,,,,,,,15:00,,,,,,,,,,,,,,,,,,,,,,,,,,,,,,,,,,,,,,,,,,,,,,,,,,,,,,,,,,,,,,,,,,,,,,,,,,,,,,E0
,,,,,,,,,,,,,0.5,,,,,,,,1.74,2.04,1.95,1.89,1.84,,,,,,,,3.48,3.93,,Fulham,1.73,2.1,1.91,,1.95,1.9,,,,,,,,3.5,4.0,,,,,,,2.0,,,,3.4,4.0,1.87,2.12,2.04,2.04,1.94,,,,,,,,3.6,4.1,,1.96,,,,3.5,4.0,,,,1.93,,,,3.5,4.0,1.93,,,,3.5,3.9,,,,,,,,,,,,,,,,,,,1.95,,,,3.5,3.9,13/12/2025,,,,,,,,,,,,,,,,,,,,,,,,,,,,,Burnley,,,,,,,,,,1.95,,,,,,,3.5,3.9,,1.78,2.1,2.0,1.95,1.9,,,,,,,,3.6,4.0,1.79,2.1,1.99,1.92,,,,,1.98,,,,3.59,3.98,M Oliver,,,,,,,,,,,,,,,17:30,,,,,,,,,,,,,,,,,,,,,,,,,,,,,,,,,,,,,,,,,,,,,,,,,,,,,,,,,,,,,,,,,,,,,,,,,,,,,,E0
,,,,,,,,,,,,,-2.25,,,,,,,,2.48,1.51,22.31,1.89,1.88,,,,,,,,8.62,1.12,,Wolves,2.5,1.53,21.0,,1.93,1.93,,,,,,,,8.5,1.13,,,,,,,26.0,,,,8.5,1.13,2.68,1.57,30.0,1.95,1.99,,,,,,,,10.5,1.14,,23.0,,,,9.0,1.12,,,,26.0,,,,9.0,1.1,20.0,,,,9.5,1.13,,,,,,,,,,,,,,,,,,,19.0,,,,9.5,1.12,13/12/2025,,,,,,,,,,,,,,,,,,,,,,,,,,,,,Arsenal,,,,,,,,,,19.0,,,,,,,9.5,1.12,,2.65,1.53,26.0,1.94,1.95,,,,,,,,9.5,1.14,2.57,1.51,1.93,1.96,,,,,21.15,,,,8.77,1.14,R Jones,,,,,,,,,,,,,,,20:00,,,,,,,,,,,,,,,,,,,,,,,,,,,,,,,,,,,,,,,,,,,,,,,,,,,,,,,,,,,,,,,,,,,,,,,,,,,,,,E0
,,,,,,,,,,,,,0.5,,,,,,,,2.16,1.66,1.83,1.79,1.94,,,,,,,,3.81,3.98,,Man City,2.2,1.67,1.85,,1.83,2.03,,,,,,,,3.9,3.9,,,,,,,1.83,,,,3.75,4.2,2.38,1.7,1.89,1.89,2.11,,,,,,,,4.1,4.3,,1.84,,,,3.9,4.1,,,,1.8,,,,3.8,3.9,1.87,,,,3.7,4.0,,,,,,,,,,,,,,,,,,,1.85,,,,3.7,4.0,14/12/2025,,,,,,,,,,,,,,,,,,,,,,,,,,,,,Crystal Palace,,,,,,,,,,1.85,,,,,,,3.6,4.0,,2.2,1.71,1.88,1.83,2.03,,,,,,,,4.0,4.2,2.27,1.68,1.87,2.04,,,,,1.86,,,,3.99,4.05,D England,,,,,,,,,,,,,,,14:00,,,,,,,,,,,,,,,,,,,,,,,,,,,,,,,,,,,,,,,,,,,,,,,,,,,,,,,,,,,,,,,,,,,,,,,,,,,,,,E0
,,,,,,,,,,,,,0.0,,,,,,,,1.8,1.95,2.76,1.94,1.81,,,,,,,,3.28,2.55,,Tottenham,1.83,2.03,2.8,,1.98,1.88,,,,,,,,3.3,2.55,,,,,,,2.88,,,,3.3,2.5,1.91,2.06,2.88,2.06,1.93,,,,,,,,3.45,2.7,,2.75,,,,3.35,2.6,,,,2.7,,,,3.3,2.5,2.75,,,,3.3,2.55,,,,,,,,,,,,,,,,,,,2.75,,,,3.3,2.5,14/12/2025,,,,,,,,,,,,,,,,,,,,,,,,,,,,,Nott'm Forest,,,,,,,,,,2.75,,,,,,,3.3,2.5,,1.86,2.03,2.88,2.0,1.88,,,,,,,,3.35,2.63,1.85,2.04,2.03,1.88,,,,,2.82,,,,3.4,2.6,S Barrott,,,,,,,,,,,,,,,14:00,,,,,,,,,,,,,,,,,,,,,,,,,,,,,,,,,,,,,,,,,,,,,,,,,,,,,,,,,,,,,,,,,,,,,,,,,,,,,,E0
,,,,,,,,,,,,,0.25,,,,,,,,1.84,1.91,2.22,1.84,1.89,,,,,,,,3.33,3.26,,Newcastle,1.91,1.91,2.25,,1.93,1.93,,,,,,,,3.3,3.3,,,,,,,2.25,,,,3.4,3.3,1.93,2.04,2.32,1.99,1.98,,,,,,,,3.4,3.5,,2.25,,,,3.4,3.3,,,,2.15,,,,3.4,3.2,2.2,,,,3.4,3.2,,,,,,,,,,,,,,,,,,,2.2,,,,3.4,3.2,14/12/2025,,,,,,,,,,,,,,,,,,,,,,,,,,,,,Sunderland,,,,,,,,,,2.2,,,,,,,3.4,3.2,,1.91,1.96,2.28,1.93,1.93,,,,,,,,3.4,3.35,1.89,2.0,1.94,1.96,,,,,2.26,,,,3.33,3.43,P Bankes,,,,,,,,,,,,,,,14:00,,,,,,,,,,,,,,,,,,,,,,,,,,,,,,,,,,,,,,,,,,,,,,,,,,,,,,,,,,,,,,,,,,,,,,,,,,,,,,E0
,,,,,,,,,,,,,0.5,,,,,,,,1.97,1.78,2.0,1.96,1.77,,,,,,,,3.51,3.63,,Aston Villa,2.0,1.8,2.0,,2.03,1.83,,,,,,,,3.5,3.75,,,,,,,2.0,,,,3.6,3.75,2.04,1.92,2.08,2.08,1.89,,,,,,,,3.7,3.85,,1.97,,,,3.65,3.85,,,,2.0,,,,3.5,3.5,2.05,,,,3.5,3.5,,,,,,,,,,,,,,,,,,,2.05,,,,3.5,3.5,14/12/2025,,,,,,,,,,,,,,,,,,,,,,,,,,,,,West Ham,,,,,,,,,,2.0,,,,,,,3.5,3.5,,2.0,1.83,2.05,2.03,1.83,,,,,,,,3.65,3.9,2.03,1.86,2.06,1.85,,,,,2.05,,,,3.57,3.76,A Taylor,,,,,,,,,,,,,,,14:00,,,,,,,,,,,,,,,,,,,,,,,,,,,,,,,,,,,,,,,,,,,,,,,,,,,,,,,,,,,,,,,,,,,,,,,,,,,,,,E0
,,,,,,,,,,,,,-0.5,,,,,,,,1.89,1.86,3.85,1.85,1.88,,,,,,,,3.54,1.94,,Leeds,1.95,1.9,4.0,,1.93,1.93,,,,,,,,3.6,1.91,,,,,,,4.0,,,,3.6,1.95,2.02,1.95,4.1,1.96,2.02,,,,,,,,3.75,2.02,,4.0,,,,3.65,1.92,,,,3.8,,,,3.5,1.9,3.75,,,,3.5,1.98,,,,,,,,,,,,,,,,,,,3.75,,,,3.5,2.0,14/12/2025,,,,,,,,,,,,,,,,,,,,,,,,,,,,,Brentford,,,,,,,,,,3.7,,,,,,,3.5,1.95,,1.95,1.91,4.0,1.93,1.95,,,,,,,,3.7,2.0,1.97,1.92,1.93,1.98,,,,,3.89,,,,3.69,1.97,J Brooks,,,,,,,,,,,,,,,16:30,,,,,,,,,,,,,,,,,,,,,,,,,,,,,,,,,,,,,,,,,,,,,,,,,,,,,,,,,,,,,,,,,,,,,,,,,,,,,,E0
,,,,,,,,,,,,,-0.5,,,,,,,,2.36,1.55,3.84,1.95,1.79,,,,,,,,3.98,1.82,,Bournemouth,2.38,1.57,3.8,,2.03,1.83,,,,,,,,4.0,1.83,,,,,,,4.0,,,,4.0,1.83,2.56,1.6,4.1,2.12,1.88,,,,,,,,4.2,1.88,,3.95,,,,4.2,1.8,,,,3.8,,,,3.9,1.8,3.8,,,,3.9,1.83,,,,,,,,,,,,,,,,,,,3.8,,,,3.9,1.83,15/12/2025,,,,,,,,,,,,,,,,,,,,,,,,,,,,,Man United,,,,,,,,,,3.8,,,,,,,3.9,1.83,,2.45,1.57,4.0,2.03,1.86,,,,,,,,4.25,1.85,2.54,1.56,2.07,1.85,,,,,3.93,,,,4.21,1.84,S Hooper,,,,,,,,,,,,,,,20:00,,,,,,,,,,,,,,,,,,,,,,,,,,,,,,,,,,,,,,,,,,,,,,,,,,,,,,,,,,,,,,,,,,,,,,,,,,,,,,E0
,,,,,,,,,,,,,-0.25,,,,,,,,1.84,1.9,2.88,1.75,2.03,,,,,,,,3.34,2.4,,Sheffield United,1.93,1.93,2.85,,1.8,2.05,,,,,,,,3.3,2.3,,,,,,,2.88,,,,3.3,2.4,2.0,1.99,3.05,1.82,2.19,,,,,,,,3.45,2.56,,2.95,,,,3.4,2.48,,,,2.9,,,,3.4,2.38,2.9,,,,3.4,2.37,,,,,,,,,,,,,,,,,,,2.9,,,,3.4,2.37,12/12/2025,,,,,,,,,,,,,,,,,,,,,,,,,,,,,West Brom,,,,,,,,,,2.87,,,,,,,3.4,2.37,,1.93,2.0,3.0,1.8,2.06,,,,,,,,3.4,2.5,1.96,1.93,1.81,2.12,,,,,3.0,,,,3.42,2.46,M Donohue,,,,,,,,,,,,,,,20:00,,,,,,,,,,,,,,,,,,,,,,,,,,,,,,,,,,,,,,,,,,,,,,,,,,,,,,,,,,,,,,,,,,,,,,,,,,,,,,E1
,,,,,,,,,,,,,0.5,,,,,,,,2.26,1.59,1.99,1.94,1.8,,,,,,,,3.75,3.39,,Southampton,2.3,1.62,1.96,,2.03,1.83,,,,,,,,3.9,3.3,,,,,,,2.0,,,,3.6,3.5,2.46,1.65,2.1,2.1,1.89,,,,,,,,4.0,3.5,,2.04,,,,3.65,3.6,,,,2.0,,,,3.75,3.4,2.0,,,,3.9,3.3,,,,,,,,,,,,,,,,,,,2.0,,,,3.9,3.3,13/12/2025,,,,,,,,,,,,,,,,,,,,,,,,,,,,,Norwich,,,,,,,,,,2.0,,,,,,,3.9,3.25,,2.35,1.64,2.04,2.03,1.86,,,,,,,,3.9,3.6,2.36,1.61,2.02,1.85,,,,,2.0,,,,3.91,3.38,J Bell,,,,,,,,,,,,,,,12:30,,,,,,,,,,,,,,,,,,,,,,,,,,,,,,,,,,,,,,,,,,,,,,,,,,,,,,,,,,,,,,,,,,,,,,,,,,,,,,E1
,,,,,,,,,,,,,0.0,,,,,,,,1.68,2.11,2.7,1.88,1.88,,,,,,,,3.22,2.62,,Preston,1.73,2.1,2.65,,1.93,1.93,,,,,,,,3.2,2.65,,,,,,,2.63,,,,3.1,2.75,1.77,2.22,2.8,1.96,1.98,,,,,,,,3.3,2.82,,2.85,,,,3.25,2.63,,,,2.7,,,,3.25,2.63,2.7,,,,3.3,2.6,,,,,,,,,,,,,,,,,,,2.7,,,,3.3,2.6,13/12/2025,,,,,,,,,,,,,,,,,,,,,,,,,,,,,Oxford,,,,,,,,,,2.7,,,,,,,3.25,2.6,,1.73,2.16,2.85,1.93,1.93,,,,,,,,3.33,2.75,1.73,2.16,1.95,1.92,,,,,2.71,,,,3.28,2.67,J Linington,,,,,,,,,,,,,,,12:30,,,,,,,,,,,,,,,,,,,,,,,,,,,,,,,,,,,,,,,,,,,,,,,,,,,,,,,,,,,,,,,,,,,,,,,,,,,,,,E1
,,,,,,,,,,,,,-0.5,,,,,,,,1.74,2.02,4.21,1.91,1.83,,,,,,,,3.47,1.86,,Swansea,1.73,2.1,4.2,,1.98,1.88,,,,,,,,3.5,1.81,,,,,,,4.2,,,,3.4,1.9,1.81,2.16,4.5,2.03,1.94,,,,,,,,3.65,1.94,,4.4,,,,3.6,1.86,,,,4.2,,,,3.5,1.87,4.2,,,,3.5,1.88,,,,,,,,,,,,,,,,,,,4.2,,,,3.5,1.85,13/12/2025,,,,,,,,,,,,,,,,,,,,,,,,,,,,,Stoke,,,,,,,,,,4.2,,,,,,,3.5,1.85,,1.78,2.1,4.4,1.98,1.88,,,,,,,,3.6,1.91,1.75,2.1,1.96,1.91,,,,,4.22,,,,3.49,1.89,R Ricardo,,,,,,,,,,,,,,,12:30,,,,,,,,,,,,,,,,,,,,,,,,,,,,,,,,,,,,,,,,,,,,,,,,,,,,,,,,,,,,,,,,,,,,,,,,,,,,,,E1
,,,,,,,,,,,,,-1.0,,,,,,,,1.79,1.95,5.79,1.77,1.99,,,,,,,,3.9,1.57,,Charlton,1.8,2.0,5.75,,1.83,2.03,,,,,,,,4.0,1.53,,,,,,,6.0,,,,3.75,1.57,1.89,2.04,6.6,1.91,2.05,,,,,,,,4.3,1.61,,6.0,,,,3.85,1.62,,,,6.0,,,,4.0,1.55,5.5,,,,4.1,1.58,,,,,,,,,,,,,,,,,,,5.5,,,,4.2,1.57,13/12/2025,,,,,,,,,,,,,,,,,,,,,,,,,,,,,Birmingham,,,,,,,,,,5.5,,,,,,,4.0,1.57,,1.8,2.0,6.0,1.83,2.03,,,,,,,,4.2,1.62,1.85,2.01,1.84,2.04,,,,,5.85,,,,4.05,1.57,A Kitchen,,,,,,,,,,,,,,,15:00,,,,,,,,,,,,,,,,,,,,,,,,,,,,,,,,,,,,,,,,,,,,,,,,,,,,,,,,,,,,,,,,,,,,,,,,,,,,,,E1
,,,,,,,,,,,,,-0.75,,,,,,,,2.13,1.66,4.61,1.92,1.84,,,,,,,,3.93,1.69,,Bristol City,2.2,1.67,4.75,,1.93,1.93,,,,,,,,3.75,1.66,,,,,,,4.6,,,,4.0,1.7,2.26,1.74,5.0,2.02,1.94,,,,,,,,4.1,1.75,,4.9,,,,4.1,1.68,,,,4.6,,,,3.9,1.7,4.4,,,,4.0,1.72,,,,,,,,,,,,,,,,,,,4.4,,,,4.0,1.73,13/12/2025,,,,,,,,,,,,,,,,,,,,,,,,,,,,,Coventry,,,,,,,,,,4.4,,,,,,,4.0,1.7,,2.2,1.7,4.9,1.95,1.93,,,,,,,,4.1,1.73,2.16,1.71,1.96,1.91,,,,,4.56,,,,4.08,1.69,S Martin,,,,,,,,,,,,,,,15:00,,,,,,,,,,,,,,,,,,,,,,,,,,,,,,,,,,,,,,,,,,,,,,,,,,,,,,,,,,,,,,,,,,,,,,,,,,,,,,E1
,,,,,,,,,,,,,0.25,,,,,,,,1.85,1.89,2.14,1.77,1.94,,,,,,,,3.37,3.33,,Ipswich,1.91,1.91,2.1,,1.85,2.0,,,,,,,,3.5,3.25,,,,,,,2.2,,,,3.3,3.3,1.99,1.96,2.2,1.91,2.05,,,,,,,,3.65,3.5,,2.2,,,,3.4,3.4,,,,2.15,,,,3.4,3.3,2.15,,,,3.4,3.4,,,,,,,,,,,,,,,,,,,2.15,,,,3.4,3.4,13/12/2025,,,,,,,,,,,,,,,,,,,,,,,,,,,,,Leicester,,,,,,,,,,2.1,,,,,,,3.4,3.3,,1.91,1.93,2.2,1.85,2.0,,,,,,,,3.5,3.5,1.93,1.93,1.87,2.0,,,,,2.14,,,,3.53,3.33,T Kirk,,,,,,,,,,,,,,,15:00,,,,,,,,,,,,,,,,,,,,,,,,,,,,,,,,,,,,,,,,,,,,,,,,,,,,,,,,,,,,,,,,,,,,,,,,,,,,,,E1
,,,,,,,,,,,,,-0.5,,,,,,,,1.89,1.84,3.8,1.85,1.89,,,,,,,,3.57,1.92,,QPR,1.91,1.91,3.8,,1.93,1.93,,,,,,,,3.7,1.86,,,,,,,3.75,,,,3.5,1.95,2.04,1.91,4.0,1.98,2.0,,,,,,,,3.75,2.0,,4.1,,,,3.6,1.93,,,,3.8,,,,3.6,1.93,3.8,,,,3.6,1.93,,,,,,,,,,,,,,,,,,,3.8,,,,3.6,1.91,13/12/2025,,,,,,,,,,,,,,,,,,,,,,,,,,,,,Middlesbrough,,,,,,,,,,3.75,,,,,,,3.6,1.91,,1.93,1.91,4.1,1.93,1.95,,,,,,,,3.7,1.96,1.93,1.93,1.9,1.97,,,,,3.8,,,,3.62,1.95,J Smith,,,,,,,,,,,,,,,15:00,,,,,,,,,,,,,,,,,,,,,,,,,,,,,,,,,,,,,,,,,,,,,,,,,,,,,,,,,,,,,,,,,,,,,,,,,,,,,,E1
,,,,,,,,,,,,,-0.5,,,,,,,,1.84,1.89,3.71,1.82,1.92,,,,,,,,3.5,1.96,,Hull,1.91,1.91,3.7,,1.88,1.98,,,,,,,,3.5,1.91,,,,,,,3.6,,,,3.5,2.0,1.96,1.98,3.95,1.94,2.04,,,,,,,,3.75,2.04,,4.0,,,,3.45,1.98,,,,3.8,,,,3.5,1.95,3.7,,,,3.5,2.0,,,,,,,,,,,,,,,,,,,3.7,,,,3.5,2.0,13/12/2025,,,,,,,,,,,,,,,,,,,,,,,,,,,,,Millwall,,,,,,,,,,3.6,,,,,,,3.4,2.0,,1.91,1.98,4.0,1.88,1.98,,,,,,,,3.75,2.0,1.93,1.92,1.9,1.97,,,,,3.7,,,,3.71,1.95,G Ward,,,,,,,,,,,,,,,15:00,,,,,,,,,,,,,,,,,,,,,,,,,,,,,,,,,,,,,,,,,,,,,,,,,,,,,,,,,,,,,,,,,,,,,,,,,,,,,,E1
,,,,,,,,,,,,,0.0,,,,,,,,1.69,2.09,2.57,1.82,1.94,,,,,,,,3.22,2.74,,Blackburn,1.73,2.1,2.5,,1.85,2.0,,,,,,,,3.25,2.7,,,,,,,2.6,,,,3.1,2.8,1.79,2.18,2.62,1.89,2.09,,,,,,,,3.45,2.94,,2.65,,,,3.2,2.8,,,,2.55,,,,3.3,2.75,2.55,,,,3.3,2.75,,,,,,,,,,,,,,,,,,,2.6,,,,3.3,2.75,13/12/2025,,,,,,,,,,,,,,,,,,,,,,,,,,,,,Portsmouth,,,,,,,,,,2.6,,,,,,,3.25,2.7,,1.73,2.16,2.65,1.86,2.0,,,,,,,,3.33,2.8,1.74,2.11,1.85,2.03,,,,,2.56,,,,3.31,2.81,T Robinson,,,,,,,,,,,,,,,15:00,,,,,,,,,,,,,,,,,,,,,,,,,,,,,,,,,,,,,,,,,,,,,,,,,,,,,,,,,,,,,,,,,,,,,,,,,,,,,,E1
,,,,,,,,,,,,,0.0,,,,,,,,1.76,1.99,2.82,1.96,1.8,,,,,,,,3.23,2.5,,Watford,1.8,2.0,2.7,,2.0,1.85,,,,,,,,3.2,2.5,,,,,,,2.8,,,,3.25,2.5,1.92,2.02,2.9,2.09,1.88,,,,,,,,3.4,2.64,,3.05,,,,3.3,2.45,,,,2.75,,,,3.3,2.55,2.8,,,,3.3,2.5,,,,,,,,,,,,,,,,,,,2.8,,,,3.3,2.5,13/12/2025,,,,,,,,,,,,,,,,,,,,,,,,,,,,,Wrexham,,,,,,,,,,2.8,,,,,,,3.3,2.5,,1.8,2.1,3.05,2.0,1.85,,,,,,,,3.3,2.6,1.84,2.02,2.01,1.87,,,,,2.79,,,,3.25,2.61,J Miles,,,,,,,,,,,,,,,15:00,,,,,,,,,,,,,,,,,,,,,,,,,,,,,,,,,,,,,,,,,,,,,,,,,,,,,,,,,,,,,,,,,,,,,,,,,,,,,,E1
,,,,,,,,,,,,,0.25,,,,,,,,1.68,2.1,2.27,1.86,1.86,,,,,,,,3.21,3.16,,Derby,1.73,2.1,2.2,,1.98,1.88,,,,,,,,3.2,3.2,,,,,,,2.38,,,,3.2,3.1,1.73,2.14,2.3,1.96,1.93,,,,,,,,3.25,3.45,,2.25,,,,3.3,3.4,,,,2.25,,,,3.2,3.0,2.3,,,,3.25,3.1,,,,,,,,,,,,,,,,,,,2.3,,,,3.25,3.1,15/12/2025,,,,,,,,,,,,,,,,,,,,,,,,,,,,,Sheffield Weds,,,,,,,,,,2.3,,,,,,,3.25,3.1,,1.73,2.2,2.38,1.98,1.9,,,,,,,,3.3,3.4,1.72,2.14,1.96,1.89,,,,,2.28,,,,3.25,3.28,L Smith,,,,,,,,,,,,,,,20:00,,,,,,,,,,,,,,,,,,,,,,,,,,,,,,,,,,,,,,,,,,,,,,,,,,,,,,,,,,,,,,,,,,,,,,,,,,,,,,E1
,,,,,,,,,,,,,-0.25,,,,,,,,1.69,2.07,2.89,1.71,2.01,,,,,,,,3.24,2.4,,Mansfield,1.7,2.1,2.85,,1.8,2.05,,,,,,,,3.3,2.3,,,,,,,3.0,,,,3.2,2.4,1.73,2.16,3.05,1.83,2.07,,,,,,,,3.35,2.42,,2.85,,,,3.25,2.48,,,,3.0,,,,3.25,2.38,2.75,,,,3.3,2.45,,,,,,,,,,,,,,,,,,,2.8,,,,3.3,2.5,13/12/2025,,,,,,,,,,,,,,,,,,,,,,,,,,,,,AFC Wimbledon,,,,,,,,,,2.8,,,,,,,3.3,2.45,,1.73,2.1,3.0,1.8,2.05,,,,,,,,3.3,2.5,,,,,,,,,,,,,,,E Bell,,,,,,,,,,,,,,,12:30,,,,,,,,,,,,,,,,,,,,,,,,,,,,,,,,,,,,,,,,,,,,,,,,,,,,,,,,,,,,,,,,,,,,,,,,,,,,,,E2
,,,,,,,,,,,,,-0.25,,,,,,,,1.72,2.02,3.43,1.93,1.77,,,,,,,,3.33,2.09,,Wigan,1.73,2.08,3.4,,2.03,1.83,,,,,,,,3.4,2.01,,,,,,,3.5,,,,3.3,2.1,1.79,2.12,3.7,2.13,1.84,,,,,,,,3.55,2.12,,3.4,,,,3.25,2.14,,,,3.5,,,,3.3,2.1,3.5,,,,3.4,2.05,,,,,,,,,,,,,,,,,,,3.6,,,,3.4,2.05,13/12/2025,,,,,,,,,,,,,,,,,,,,,,,,,,,,,Huddersfield,,,,,,,,,,3.5,,,,,,,3.4,2.05,,1.75,2.1,3.6,2.03,1.83,,,,,,,,3.4,2.15,,,,,,,,,,,,,,,D Drysdale,,,,,,,,,,,,,,,12:30,,,,,,,,,,,,,,,,,,,,,,,,,,,,,,,,,,,,,,,,,,,,,,,,,,,,,,,,,,,,,,,,,,,,,,,,,,,,,,E2
,,,,,,,,,,,,,-0.25,,,,,,,,2.13,1.65,2.99,1.82,1.88,,,,,,,,3.6,2.18,,Leyton Orient,2.15,1.67,2.95,,1.95,1.9,,,,,,,,3.6,2.1,,,,,,,3.2,,,,3.5,2.15,2.22,1.69,3.1,1.93,1.96,,,,,,,,3.85,2.24,,2.88,,,,3.55,2.3,,,,3.1,,,,3.6,2.15,2.9,,,,3.75,2.15,,,,,,,,,,,,,,,,,,,3.0,,,,3.8,2.2,13/12/2025,,,,,,,,,,,,,,,,,,,,,,,,,,,,,Barnsley,,,,,,,,,,2.9,,,,,,,3.75,2.15,,2.2,1.67,3.2,1.95,1.93,,,,,,,,3.8,2.32,,,,,,,,,,,,,,,S Mather,,,,,,,,,,,,,,,15:00,,,,,,,,,,,,,,,,,,,,,,,,,,,,,,,,,,,,,,,,,,,,,,,,,,,,,,,,,,,,,,,,,,,,,,,,,,,,,,E2
,,,,,,,,,,,,,0.25,,,,,,,,1.76,1.97,2.27,1.9,1.8,,,,,,,,3.29,3.04,,Lincoln,1.8,2.0,2.2,,1.98,1.88,,,,,,,,3.3,3.05,,,,,,,2.3,,,,3.25,3.1,1.8,2.04,2.32,1.98,1.87,,,,,,,,3.25,3.2,,2.28,,,,3.35,3.05,,,,2.3,,,,3.3,3.1,2.3,,,,3.3,3.0,,,,,,,,,,,,,,,,,,,2.3,,,,3.3,3.0,13/12/2025,,,,,,,,,,,,,,,,,,,,,,,,,,,,,Blackpool,,,,,,,,,,2.3,,,,,,,3.3,3.0,,1.8,2.1,2.3,1.98,1.88,,,,,,,,3.4,3.15,,,,,,,,,,,,,,,S Stockbridge,,,,,,,,,,,,,,,15:00,,,,,,,,,,,,,,,,,,,,,,,,,,,,,,,,,,,,,,,,,,,,,,,,,,,,,,,,,,,,,,,,,,,,,,,,,,,,,,E2
,,,,,,,,,,,,,-1.25,,,,,,,,2.1,1.66,6.32,1.74,1.97,,,,,,,,4.49,1.45,,Exeter,2.15,1.67,6.25,,1.83,2.03,,,,,,,,4.5,1.41,,,,,,,7.0,,,,4.5,1.44,2.22,1.67,6.8,1.81,2.06,,,,,,,,4.5,1.51,,6.25,,,,4.35,1.49,,,,6.5,,,,4.5,1.44,6.0,,,,4.6,1.46,,,,,,,,,,,,,,,,,,,6.5,,,,4.8,1.48,13/12/2025,,,,,,,,,,,,,,,,,,,,,,,,,,,,,Bolton,,,,,,,,,,6.0,,,,,,,4.6,1.44,,2.2,1.7,7.0,1.83,2.03,,,,,,,,4.8,1.5,,,,,,,,,,,,,,,B Speedie,,,,,,,,,,,,,,,15:00,,,,,,,,,,,,,,,,,,,,,,,,,,,,,,,,,,,,,,,,,,,,,,,,,,,,,,,,,,,,,,,,,,,,,,,,,,,,,,E2
,,,,,,,,,,,,,-0.5,,,,,,,,1.95,1.78,3.67,1.83,1.87,,,,,,,,3.58,1.93,,Reading,2.0,1.8,3.6,,1.88,1.98,,,,,,,,3.6,1.91,,,,,,,3.75,,,,3.6,1.95,2.04,1.82,3.75,1.87,2.0,,,,,,,,3.6,2.0,,3.9,,,,3.55,1.91,,,,3.6,,,,3.6,1.95,3.6,,,,3.7,1.9,,,,,,,,,,,,,,,,,,,3.6,,,,3.75,1.95,13/12/2025,,,,,,,,,,,,,,,,,,,,,,,,,,,,,Bradford,,,,,,,,,,3.6,,,,,,,3.75,1.91,,2.0,1.85,3.9,1.9,1.98,,,,,,,,3.75,1.95,,,,,,,,,,,,,,,P Howard,,,,,,,,,,,,,,,15:00,,,,,,,,,,,,,,,,,,,,,,,,,,,,,,,,,,,,,,,,,,,,,,,,,,,,,,,,,,,,,,,,,,,,,,,,,,,,,,E2
,,,,,,,,,,,,,0.5,,,,,,,,1.76,1.96,2.0,1.95,1.77,,,,,,,,3.38,3.62,,Wycombe,1.8,2.0,1.96,,2.05,1.8,,,,,,,,3.4,3.5,,,,,,,2.0,,,,3.4,3.75,1.83,2.02,2.14,2.14,1.81,,,,,,,,3.4,3.7,,1.9,,,,3.45,4.0,,,,2.05,,,,3.4,3.6,1.98,,,,3.4,3.6,,,,,,,,,,,,,,,,,,,2.0,,,,3.5,3.6,13/12/2025,,,,,,,,,,,,,,,,,,,,,,,,,,,,,Burton,,,,,,,,,,2.0,,,,,,,3.5,3.6,,1.8,2.0,2.05,2.05,1.83,,,,,,,,3.5,4.0,,,,,,,,,,,,,,,N Hair,,,,,,,,,,,,,,,15:00,,,,,,,,,,,,,,,,,,,,,,,,,,,,,,,,,,,,,,,,,,,,,,,,,,,,,,,,,,,,,,,,,,,,,,,,,,,,,,E2
,,,,,,,,,,,,,-0.5,,,,,,,,2.11,1.66,4.14,2.0,1.73,,,,,,,,3.81,1.77,,Doncaster,2.15,1.67,3.9,,2.03,1.83,,,,,,,,3.8,1.76,,,,,,,4.33,,,,3.75,1.8,2.22,1.71,4.2,2.14,1.82,,,,,,,,4.1,1.84,,4.5,,,,3.8,1.72,,,,4.1,,,,3.8,1.8,4.1,,,,3.9,1.75,,,,,,,,,,,,,,,,,,,4.2,,,,4.0,1.75,13/12/2025,,,,,,,,,,,,,,,,,,,,,,,,,,,,,Cardiff,,,,,,,,,,4.2,,,,,,,3.9,1.75,,2.2,1.67,4.6,2.05,1.83,,,,,,,,4.0,1.81,,,,,,,,,,,,,,,A Chilowicz,,,,,,,,,,,,,,,15:00,,,,,,,,,,,,,,,,,,,,,,,,,,,,,,,,,,,,,,,,,,,,,,,,,,,,,,,,,,,,,,,,,,,,,,,,,,,,,,E2
,,,,,,,,,,,,,-0.75,,,,,,,,1.71,2.04,4.56,1.76,1.95,,,,,,,,3.51,1.77,,Port Vale,1.75,2.05,4.5,,1.83,2.03,,,,,,,,3.6,1.71,,,,,,,4.6,,,,3.5,1.8,1.77,2.06,4.9,1.82,2.11,,,,,,,,3.55,1.85,,4.75,,,,3.5,1.76,,,,4.75,,,,3.5,1.75,4.5,,,,3.5,1.77,,,,,,,,,,,,,,,,,,,4.6,,,,3.6,1.8,13/12/2025,,,,,,,,,,,,,,,,,,,,,,,,,,,,,Luton,,,,,,,,,,4.5,,,,,,,3.5,1.8,,1.75,2.1,4.75,1.83,2.03,,,,,,,,3.6,1.8,,,,,,,,,,,,,,,L Swabey,,,,,,,,,,,,,,,15:00,,,,,,,,,,,,,,,,,,,,,,,,,,,,,,,,,,,,,,,,,,,,,,,,,,,,,,,,,,,,,,,,,,,,,,,,,,,,,,E2
,,,,,,,,,,,,,-0.25,,,,,,,,1.71,2.04,3.53,2.0,1.72,,,,,,,,3.32,2.05,,Northampton,1.75,2.05,3.5,,2.05,1.8,,,,,,,,3.3,2.01,,,,,,,3.5,,,,3.3,2.1,1.75,2.12,3.6,2.05,1.9,,,,,,,,3.45,2.2,,3.85,,,,3.5,1.92,,,,3.6,,,,3.3,2.05,3.4,,,,3.4,2.05,,,,,,,,,,,,,,,,,,,3.5,,,,3.4,2.1,13/12/2025,,,,,,,,,,,,,,,,,,,,,,,,,,,,,Peterboro,,,,,,,,,,3.4,,,,,,,3.4,2.1,,1.75,2.12,3.85,2.05,1.8,,,,,,,,3.5,2.1,,,,,,,,,,,,,,,J Busby,,,,,,,,,,,,,,,15:00,,,,,,,,,,,,,,,,,,,,,,,,,,,,,,,,,,,,,,,,,,,,,,,,,,,,,,,,,,,,,,,,,,,,,,,,,,,,,,E2
,,,,,,,,,,,,,-0.5,,,,,,,,1.84,1.88,3.44,1.74,1.97,,,,,,,,3.48,2.02,,Rotherham,1.93,1.93,3.4,,1.8,2.05,,,,,,,,3.5,1.96,,,,,,,3.5,,,,3.4,2.05,1.94,1.92,3.6,1.83,2.06,,,,,,,,3.45,2.06,,3.55,,,,3.4,2.04,,,,3.5,,,,3.5,2.0,3.4,,,,3.4,2.05,,,,,,,,,,,,,,,,,,,3.5,,,,3.5,2.05,13/12/2025,,,,,,,,,,,,,,,,,,,,,,,,,,,,,Plymouth,,,,,,,,,,3.5,,,,,,,3.5,2.05,,1.93,1.93,3.55,1.8,2.05,,,,,,,,3.6,2.08,,,,,,,,,,,,,,,D Rock,,,,,,,,,,,,,,,15:00,,,,,,,,,,,,,,,,,,,,,,,,,,,,,,,,,,,,,,,,,,,,,,,,,,,,,,,,,,,,,,,,,,,,,,,,,,,,,,E2
,,,,,,,,,,,,,-0.5,,,,,,,,1.59,2.23,4.28,1.88,1.83,,,,,,,,3.33,1.86,,Stevenage,1.62,2.25,4.2,,2.0,1.85,,,,,,,,3.25,1.81,,,,,,,4.5,,,,3.3,1.83,1.65,2.36,4.7,2.05,1.94,,,,,,,,3.4,1.94,,4.25,,,,3.35,1.88,,,,4.5,,,,3.4,1.83,4.0,,,,3.4,1.9,,,,,,,,,,,,,,,,,,,4.0,,,,3.4,1.91,13/12/2025,,,,,,,,,,,,,,,,,,,,,,,,,,,,,Stockport,,,,,,,,,,4.0,,,,,,,3.4,1.91,,1.62,2.3,4.5,2.0,2.06,,,,,,,,3.4,1.91,,,,,,,,,,,,,,,W Finnie,,,,,,,,,,,,,,,15:00,,,,,,,,,,,,,,,,,,,,,,,,,,,,,,,,,,,,,,,,,,,,,,,,,,,,,,,,,,,,,,,,,,,,,,,,,,,,,,E2
,,,,,,,,,,,,,0.25,,,,,,,,1.89,1.82,2.29,1.96,1.75,,,,,,,,3.45,2.85,,Swindon,1.95,1.85,2.2,,2.03,1.83,,,,,,,,3.6,2.75,,,,,,,2.38,,,,3.4,2.88,2.02,1.86,2.36,2.03,1.93,,,,,,,,3.6,3.15,,2.33,,,,3.3,2.8,,,,2.3,,,,3.5,2.9,2.3,,,,3.4,2.9,,,,,,,,,,,,,,,,,,,2.3,,,,3.5,3.0,13/12/2025,,,,,,,,,,,,,,,,,,,,,,,,,,,,,Bristol Rvs,,,,,,,,,,2.3,,,,,,,3.4,2.9,,1.95,1.91,2.38,2.03,1.83,,,,,,,,3.6,3.0,,,,,,,,,,,,,,,A Bannister,,,,,,,,,,,,,,,12:30,,,,,,,,,,,,,,,,,,,,,,,,,,,,,,,,,,,,,,,,,,,,,,,,,,,,,,,,,,,,,,,,,,,,,,,,,,,,,,E3
,,,,,,,,,,,,,-0.25,,,,,,,,1.88,1.83,3.06,1.84,1.86,,,,,,,,3.41,2.19,,Colchester,1.95,1.85,2.95,,1.9,1.95,,,,,,,,3.5,2.15,,,,,,,3.1,,,,3.4,2.25,1.96,1.87,3.05,1.87,1.99,,,,,,,,3.45,2.28,,3.1,,,,3.3,2.15,,,,3.13,,,,3.5,2.2,3.1,,,,3.4,2.2,,,,,,,,,,,,,,,,,,,3.1,,,,3.5,2.2,13/12/2025,,,,,,,,,,,,,,,,,,,,,,,,,,,,,Salford,,,,,,,,,,3.1,,,,,,,3.5,2.2,,1.95,1.91,3.13,1.9,1.95,,,,,,,,3.5,2.3,,,,,,,,,,,,,,,S Oldham,,,,,,,,,,,,,,,12:30,,,,,,,,,,,,,,,,,,,,,,,,,,,,,,,,,,,,,,,,,,,,,,,,,,,,,,,,,,,,,,,,,,,,,,,,,,,,,,E3
,,,,,,,,,,,,,0.0,,,,,,,,1.76,1.97,2.42,1.76,1.99,,,,,,,,3.19,2.87,,Bromley,1.83,2.03,2.45,,1.8,2.05,,,,,,,,3.2,2.75,,,,,,,2.4,,,,3.25,3.0,1.81,2.04,2.62,1.84,2.05,,,,,,,,3.25,2.86,,2.32,,,,3.15,3.0,,,,2.45,,,,3.3,2.8,2.37,,,,3.3,2.87,,,,,,,,,,,,,,,,,,,2.4,,,,3.3,2.9,13/12/2025,,,,,,,,,,,,,,,,,,,,,,,,,,,,,Accrington,,,,,,,,,,2.37,,,,,,,3.3,2.9,,1.83,2.03,2.55,1.8,2.05,,,,,,,,3.3,3.0,,,,,,,,,,,,,,,S Copeland,,,,,,,,,,,,,,,15:00,,,,,,,,,,,,,,,,,,,,,,,,,,,,,,,,,,,,,,,,,,,,,,,,,,,,,,,,,,,,,,,,,,,,,,,,,,,,,,E3
,,,,,,,,,,,,,-0.5,,,,,,,,1.75,1.98,3.47,1.72,2.0,,,,,,,,3.33,2.05,,Harrogate,1.75,2.05,3.6,,1.8,2.05,,,,,,,,3.4,1.96,,,,,,,3.5,,,,3.3,2.1,1.83,2.14,3.9,1.9,2.06,,,,,,,,3.4,2.06,,3.15,,,,3.25,2.16,,,,3.5,,,,3.4,2.05,3.4,,,,3.4,2.05,,,,,,,,,,,,,,,,,,,3.5,,,,3.4,2.1,13/12/2025,,,,,,,,,,,,,,,,,,,,,,,,,,,,,Cheltenham,,,,,,,,,,3.4,,,,,,,3.4,2.1,,1.8,2.05,3.6,1.8,2.05,,,,,,,,3.4,2.16,,,,,,,,,,,,,,,M Barlow,,,,,,,,,,,,,,,15:00,,,,,,,,,,,,,,,,,,,,,,,,,,,,,,,,,,,,,,,,,,,,,,,,,,,,,,,,,,,,,,,,,,,,,,,,,,,,,,E3
,,,,,,,,,,,,,0.25,,,,,,,,1.91,1.81,2.3,1.97,1.75,,,,,,,,3.43,2.88,,Barnet,1.95,1.85,2.3,,2.05,1.8,,,,,,,,3.4,2.82,,,,,,,2.3,,,,3.4,3.0,2.04,1.86,2.42,2.09,1.85,,,,,,,,3.75,2.96,,,,,,,,,,,2.3,,,,3.5,2.9,2.25,,,,3.4,2.95,,,,,,,,,,,,,,,,,,,2.25,,,,3.5,3.0,13/12/2025,,,,,,,,,,,,,,,,,,,,,,,,,,,,,Chesterfield,,,,,,,,,,2.25,,,,,,,3.5,3.0,,2.0,1.85,2.42,2.05,1.8,,,,,,,,3.5,3.0,,,,,,,,,,,,,,,P Wright,,,,,,,,,,,,,,,15:00,,,,,,,,,,,,,,,,,,,,,,,,,,,,,,,,,,,,,,,,,,,,,,,,,,,,,,,,,,,,,,,,,,,,,,,,,,,,,,E3
,,,,,,,,,,,,,0.0,,,,,,,,1.97,1.75,2.64,1.91,1.82,,,,,,,,3.34,2.52,,Oldham,2.05,1.75,2.55,,2.0,1.85,,,,,,,,3.4,2.45,,,,,,,2.75,,,,3.4,2.5,2.06,1.77,2.68,1.97,1.82,,,,,,,,3.4,2.48,,2.63,,,,3.25,2.5,,,,2.63,,,,3.5,2.5,2.6,,,,3.4,2.55,,,,,,,,,,,,,,,,,,,2.62,,,,3.5,2.6,13/12/2025,,,,,,,,,,,,,,,,,,,,,,,,,,,,,Crawley Town,,,,,,,,,,2.62,,,,,,,3.4,2.6,,2.05,1.8,2.75,2.0,1.85,,,,,,,,3.5,2.6,,,,,,,,,,,,,,,C Breakspear,,,,,,,,,,,,,,,15:00,,,,,,,,,,,,,,,,,,,,,,,,,,,,,,,,,,,,,,,,,,,,,,,,,,,,,,,,,,,,,,,,,,,,,,,,,,,,,,E3
,,,,,,,,,,,,,-0.5,,,,,,,,1.69,2.06,4.06,1.87,1.84,,,,,,,,3.37,1.88,,Barrow,1.7,2.1,4.2,,1.98,1.88,,,,,,,,3.4,1.81,,,,,,,4.2,,,,3.4,1.9,1.73,2.12,4.4,2.01,1.96,,,,,,,,3.4,1.96,,3.9,,,,3.3,1.9,,,,4.2,,,,3.4,1.87,3.9,,,,3.4,1.9,,,,,,,,,,,,,,,,,,,4.0,,,,3.4,1.95,13/12/2025,,,,,,,,,,,,,,,,,,,,,,,,,,,,,Gillingham,,,,,,,,,,4.0,,,,,,,3.4,1.91,,1.73,2.1,4.2,1.98,1.9,,,,,,,,3.5,1.95,,,,,,,,,,,,,,,F Hallam,,,,,,,,,,,,,,,15:00,,,,,,,,,,,,,,,,,,,,,,,,,,,,,,,,,,,,,,,,,,,,,,,,,,,,,,,,,,,,,,,,,,,,,,,,,,,,,,E3
,,,,,,,,,,,,,-0.5,,,,,,,,1.99,1.73,3.48,1.79,1.92,,,,,,,,3.57,1.97,,Notts County,2.05,1.75,3.6,,1.88,1.98,,,,,,,,3.7,1.91,,,,,,,3.6,,,,3.5,2.0,2.1,1.74,3.55,1.84,2.08,,,,,,,,3.7,2.08,,3.35,,,,3.5,1.98,,,,3.6,,,,3.6,1.95,3.4,,,,3.6,1.98,,,,,,,,,,,,,,,,,,,3.5,,,,3.6,2.0,13/12/2025,,,,,,,,,,,,,,,,,,,,,,,,,,,,,Grimsby,,,,,,,,,,3.5,,,,,,,3.6,2.0,,2.1,1.8,3.6,1.88,1.98,,,,,,,,3.75,2.0,,,,,,,,,,,,,,,W Cartmel,,,,,,,,,,,,,,,15:00,,,,,,,,,,,,,,,,,,,,,,,,,,,,,,,,,,,,,,,,,,,,,,,,,,,,,,,,,,,,,,,,,,,,,,,,,,,,,,E3
,,,,,,,,,,,,,-0.25,,,,,,,,1.61,2.19,3.37,1.89,1.8,,,,,,,,3.23,2.13,,Cambridge,1.62,2.25,3.4,,2.0,1.85,,,,,,,,3.3,2.05,,,,,,,3.4,,,,3.2,2.2,1.65,2.26,3.6,2.03,1.81,,,,,,,,3.35,2.12,,3.25,,,,3.15,2.15,,,,3.5,,,,3.2,2.15,3.4,,,,3.25,2.1,,,,,,,,,,,,,,,,,,,3.5,,,,3.3,2.15,13/12/2025,,,,,,,,,,,,,,,,,,,,,,,,,,,,,Milton Keynes Dons,,,,,,,,,,3.4,,,,,,,3.3,2.15,,1.65,2.25,3.5,2.0,1.85,,,,,,,,3.4,2.2,,,,,,,,,,,,,,,J Oldham,,,,,,,,,,,,,,,15:00,,,,,,,,,,,,,,,,,,,,,,,,,,,,,,,,,,,,,,,,,,,,,,,,,,,,,,,,,,,,,,,,,,,,,,,,,,,,,,E3
,,,,,,,,,,,,,0.25,,,,,,,,1.9,1.82,2.34,1.98,1.73,,,,,,,,3.38,2.85,,Fleetwood Town,1.98,1.88,2.35,,2.08,1.73,,,,,,,,3.4,2.75,,,,,,,2.38,,,,3.3,3.0,1.98,1.85,2.5,2.14,1.77,,,,,,,,3.3,2.94,,2.28,,,,3.3,2.88,,,,2.4,,,,3.4,2.88,2.3,,,,3.4,2.87,,,,,,,,,,,,,,,,,,,2.37,,,,3.5,2.9,13/12/2025,,,,,,,,,,,,,,,,,,,,,,,,,,,,,Newport County,,,,,,,,,,2.3,,,,,,,3.4,2.9,,1.98,1.91,2.4,2.08,1.75,,,,,,,,3.5,3.0,,,,,,,,,,,,,,,M Corlett,,,,,,,,,,,,,,,15:00,,,,,,,,,,,,,,,,,,,,,,,,,,,,,,,,,,,,,,,,,,,,,,,,,,,,,,,,,,,,,,,,,,,,,,,,,,,,,,E3
,,,,,,,,,,,,,0.0,,,,,,,,1.85,1.86,2.58,1.89,1.85,,,,,,,,3.33,2.58,,Crewe,1.93,1.93,2.57,,1.98,1.88,,,,,,,,3.3,2.5,,,,,,,2.63,,,,3.3,2.63,2.02,1.94,2.66,1.96,1.92,,,,,,,,3.4,2.62,,2.5,,,,3.3,2.63,,,,2.63,,,,3.4,2.55,2.55,,,,3.4,2.55,,,,,,,,,,,,,,,,,,,2.6,,,,3.5,2.6,13/12/2025,,,,,,,,,,,,,,,,,,,,,,,,,,,,,Tranmere,,,,,,,,,,2.6,,,,,,,3.5,2.6,,1.93,1.93,2.64,1.98,1.9,,,,,,,,3.5,2.63,,,,,,,,,,,,,,,R Joyce,,,,,,,,,,,,,,,15:00,,,,,,,,,,,,,,,,,,,,,,,,,,,,,,,,,,,,,,,,,,,,,,,,,,,,,,,,,,,,,,,,,,,,,,,,,,,,,,E3
,,,,,,,,,,,,,-0.75,,,,,,,,1.7,2.05,4.89,1.83,1.86,,,,,,,,3.54,1.7,,Shrewsbury,1.75,2.05,4.75,,1.93,1.93,,,,,,,,3.7,1.62,,,,,,,5.0,,,,3.6,1.7,1.74,2.12,5.4,1.95,1.97,,,,,,,,3.7,1.76,,4.75,,,,3.45,1.71,,,,5.0,,,,3.6,1.7,4.75,,,,3.5,1.73,,,,,,,,,,,,,,,,,,,4.8,,,,3.6,1.75,13/12/2025,,,,,,,,,,,,,,,,,,,,,,,,,,,,,Walsall,,,,,,,,,,4.8,,,,,,,3.6,1.73,,1.75,2.12,5.1,1.93,1.93,,,,,,,,3.7,1.75,,,,,,,,,,,,,,,I Searle,,,,,,,,,,,,,,,15:00,,,,,,,,,,,,,,,,,,,,,,,,,,,,,,,,,,,,,,,,,,,,,,,,,,,,,,,,,,,,,,,,,,,,,,,,,,,,,,E3
,,,,,,,,,,,,,-0.25,,,,,,,,1.59,2.26,3.64,1.99,1.78,,,,,,,,3.16,2.11,,Nantes,1.57,2.38,3.6,,2.0,1.85,,,,,,,,3.2,2.15,,,,,,,3.6,,,,3.2,2.1,1.68,2.44,3.95,2.09,1.89,,,,,,,,3.3,2.22,,3.75,,,,3.2,2.08,,,,3.5,,,,3.2,2.15,3.7,,,,3.1,2.15,,,,,,,,,,,,,,,,,,,3.7,,,,3.1,2.15,12/12/2025,,,,,,,,,,,,,,,,,,,,,,,,,,,,,Angers,,,,,,,,,,3.7,,,,,,,3.1,2.15,,1.65,2.38,3.75,2.05,1.85,,,,,,,,3.2,2.15,1.62,2.42,2.06,1.87,,,,,3.77,,,,3.27,2.19,,,,,,,,,,,,,,,,19:45,,,,,,,,,,,,,,,,,,,,,,,,,,,,,,,,,,,,,,,,,,,,,,,,,,,,,,,,,,,,,,,,,,,,,,,,,,,,,,F1
,,,,,,,,,,,,,-0.5,,,,,,,,2.07,1.7,4.06,1.96,1.79,,,,,,,,3.7,1.82,,Brest,2.1,1.73,4.1,,2.03,1.83,,,,,,,,3.75,1.83,,,,,,,4.0,,,,3.75,1.83,2.22,1.78,4.3,2.09,1.88,,,,,,,,4.0,1.88,,4.2,,,,3.8,1.82,,,,3.9,,,,3.6,1.8,4.0,,,,3.8,1.83,,,,,,,,,,,,,,,,,,,4.0,,,,3.8,1.83,13/12/2025,,,,,,,,,,,,,,,,,,,,,,,,,,,,,Rennes,,,,,,,,,,4.0,,,,,,,3.75,1.83,,2.1,1.73,4.2,2.03,1.83,,,,,,,,3.8,1.85,2.18,1.74,2.07,1.85,,,,,4.2,,,,3.93,1.84,,,,,,,,,,,,,,,,16:00,,,,,,,,,,,,,,,,,,,,,,,,,,,,,,,,,,,,,,,,,,,,,,,,,,,,,,,,,,,,,,,,,,,,,,,,,,,,,,F1
,,,,,,,,,,,,,1.75,,,,,,,,3.09,1.34,1.24,1.8,1.98,,,,,,,,6.31,10.09,,Paris SG,3.2,1.36,1.25,,1.88,1.98,,,,,,,,6.5,10.0,,,,,,,1.22,,,,6.5,11.0,3.3,1.4,1.27,1.92,2.01,,,,,,,,7.4,12.5,,1.25,,,,6.4,10.5,,,,1.22,,,,6.0,9.5,1.25,,,,6.5,10.0,,,,,,,,,,,,,,,,,,,1.25,,,,6.5,10.0,13/12/2025,,,,,,,,,,,,,,,,,,,,,,,,,,,,,Metz,,,,,,,,,,1.25,,,,,,,6.5,10.0,,3.4,1.38,1.27,1.88,2.06,,,,,,,,6.5,11.5,3.07,1.38,1.93,1.96,,,,,1.24,,,,6.84,10.74,,,,,,,,,,,,,,,,18:00,,,,,,,,,,,,,,,,,,,,,,,,,,,,,,,,,,,,,,,,,,,,,,,,,,,,,,,,,,,,,,,,,,,,,,,,,,,,,,F1
,,,,,,,,,,,,,-0.25,,,,,,,,1.8,1.94,2.91,1.75,2.03,,,,,,,,3.3,2.39,,Toulouse,1.83,2.03,2.88,,1.78,2.1,,,,,,,,3.4,2.4,,,,,,,3.0,,,,3.25,2.38,1.87,2.08,3.05,1.81,2.15,,,,,,,,3.4,2.5,,2.95,,,,3.35,2.4,,,,2.8,,,,3.25,2.38,2.87,,,,3.4,2.4,,,,,,,,,,,,,,,,,,,2.87,,,,3.4,2.4,13/12/2025,,,,,,,,,,,,,,,,,,,,,,,,,,,,,Paris FC,,,,,,,,,,2.87,,,,,,,3.4,2.4,,1.87,2.03,3.0,1.78,2.1,,,,,,,,3.4,2.5,1.85,2.05,1.8,2.13,,,,,3.05,,,,3.31,2.48,,,,,,,,,,,,,,,,20:05,,,,,,,,,,,,,,,,,,,,,,,,,,,,,,,,,,,,,,,,,,,,,,,,,,,,,,,,,,,,,,,,,,,,,,,,,,,,,,F1
,,,,,,,,,,,,,-1.0,,,,,,,,1.85,1.89,5.76,1.83,1.95,,,,,,,,3.92,1.57,,Le Havre,1.91,1.91,5.25,,1.8,2.05,,,,,,,,4.1,1.6,,,,,,,6.0,,,,3.75,1.57,1.94,1.99,6.2,1.82,2.14,,,,,,,,4.1,1.64,,6.4,,,,4.1,1.53,,,,5.5,,,,3.8,1.55,5.75,,,,3.9,1.6,,,,,,,,,,,,,,,,,,,5.75,,,,3.9,1.6,14/12/2025,,,,,,,,,,,,,,,,,,,,,,,,,,,,,Lyon,,,,,,,,,,5.5,,,,,,,3.9,1.6,,1.91,1.95,6.4,1.92,2.05,,,,,,,,4.1,1.6,1.93,1.95,1.83,2.09,,,,,5.85,,,,4.12,1.6,,,,,,,,,,,,,,,,14:00,,,,,,,,,,,,,,,,,,,,,,,,,,,,,,,,,,,,,,,,,,,,,,,,,,,,,,,,,,,,,,,,,,,,,,,,,,,,,,F1
,,,,,,,,,,,,,0.75,,,,,,,,1.87,1.86,1.78,1.97,1.79,,,,,,,,3.62,4.41,,Lille,1.93,1.93,1.8,,2.03,1.78,,,,,,,,3.6,4.5,,,,,,,1.8,,,,3.6,4.5,1.97,1.94,1.89,2.15,1.82,,,,,,,,3.7,4.6,,1.78,,,,3.8,4.4,,,,1.75,,,,3.5,4.33,1.78,,,,3.6,4.5,,,,,,,,,,,,,,,,,,,1.8,,,,3.6,4.5,14/12/2025,,,,,,,,,,,,,,,,,,,,,,,,,,,,,Auxerre,,,,,,,,,,1.8,,,,,,,3.6,4.5,,1.93,1.93,1.83,2.03,1.82,,,,,,,,3.8,4.55,1.94,1.94,2.07,1.82,,,,,1.83,,,,3.76,4.46,,,,,,,,,,,,,,,,16:15,,,,,,,,,,,,,,,,,,,,,,,,,,,,,,,,,,,,,,,,,,,,,,,,,,,,,,,,,,,,,,,,,,,,,,,,,,,,,,F1
,,,,,,,,,,,,,-1.25,,,,,,,,2.5,1.49,5.97,1.79,1.97,,,,,,,,4.51,1.48,,Nice,2.5,1.53,6.25,,1.83,2.03,,,,,,,,4.5,1.48,,,,,,,6.0,,,,4.5,1.5,2.72,1.55,6.6,1.88,2.06,,,,,,,,4.9,1.51,,6.1,,,,4.75,1.48,,,,5.75,,,,4.4,1.44,6.0,,,,4.5,1.5,,,,,,,,,,,,,,,,,,,6.0,,,,4.5,1.5,14/12/2025,,,,,,,,,,,,,,,,,,,,,,,,,,,,,Lens,,,,,,,,,,6.0,,,,,,,4.4,1.5,,2.6,1.53,6.33,1.83,2.03,,,,,,,,4.75,1.5,2.6,1.53,1.85,2.06,,,,,6.49,,,,4.72,1.49,,,,,,,,,,,,,,,,16:15,,,,,,,,,,,,,,,,,,,,,,,,,,,,,,,,,,,,,,,,,,,,,,,,,,,,,,,,,,,,,,,,,,,,,,,,,,,,,,F1
,,,,,,,,,,,,,-0.75,,,,,,,,1.99,1.76,4.54,1.86,1.91,,,,,,,,3.76,1.72,,Lorient,2.0,1.8,4.75,,1.9,1.95,,,,,,,,3.7,1.73,,,,,,,4.6,,,,3.75,1.73,2.12,1.83,4.9,1.95,1.98,,,,,,,,4.0,1.77,,4.6,,,,3.8,1.74,,,,4.5,,,,3.7,1.67,4.6,,,,3.8,1.73,,,,,,,,,,,,,,,,,,,4.6,,,,3.8,1.73,14/12/2025,,,,,,,,,,,,,,,,,,,,,,,,,,,,,Strasbourg,,,,,,,,,,4.5,,,,,,,3.75,1.73,,2.04,1.83,4.75,1.9,1.95,,,,,,,,4.0,1.74,2.05,1.85,1.93,1.97,,,,,4.72,,,,3.96,1.75,,,,,,,,,,,,,,,,16:15,,,,,,,,,,,,,,,,,,,,,,,,,,,,,,,,,,,,,,,,,,,,,,,,,,,,,,,,,,,,,,,,,,,,,,,,,,,,,,F1
,,,,,,,,,,,,,-0.5,,,,,,,,2.59,1.47,3.67,1.93,1.83,,,,,,,,3.89,1.86,,Monaco,2.63,1.5,3.75,,1.95,1.9,,,,,,,,3.75,1.9,,,,,,,3.6,,,,4.0,1.9,2.74,1.54,3.95,2.02,1.97,,,,,,,,4.1,1.97,,3.8,,,,4.2,1.83,,,,3.5,,,,3.8,1.85,3.75,,,,3.9,1.87,,,,,,,,,,,,,,,,,,,3.75,,,,3.9,1.85,14/12/2025,,,,,,,,,,,,,,,,,,,,,,,,,,,,,Marseille,,,,,,,,,,3.7,,,,,,,3.9,1.85,,2.75,1.5,3.8,2.0,1.9,,,,,,,,4.2,1.91,2.6,1.51,1.97,1.93,,,,,3.81,,,,3.93,1.93,,,,,,,,,,,,,,,,19:45,,,,,,,,,,,,,,,,,,,,,,,,,,,,,,,,,,,,,,,,,,,,,,,,,,,,,,,,,,,,,,,,,,,,,,,,,,,,,,F1
,,,,,,,,,,,,,0.0,,,,,,,,1.43,2.63,2.65,1.84,1.88,,,,,,,,2.85,2.78,,Le Mans,1.4,2.88,2.7,,1.9,1.9,,,,,,,,2.75,2.7,,,,,,,2.63,,,,2.8,2.88,1.47,2.96,2.88,1.91,2.03,,,,,,,,2.9,3.1,,2.63,,,,2.95,2.7,,,,2.7,,,,2.9,2.8,2.6,,,,2.95,2.85,,,,,,,,,,,,,,,,,,,2.5,,,,2.8,2.75,12/12/2025,,,,,,,,,,,,,,,,,,,,,,,,,,,,,Annecy,,,,,,,,,,2.5,,,,,,,2.8,2.75,,1.55,2.88,2.8,1.9,1.91,,,,,,,,2.95,2.9,,,,,,,,,,,,,,,,,,,,,,,,,,,,,,19:00,,,,,,,,,,,,,,,,,,,,,,,,,,,,,,,,,,,,,,,,,,,,,,,,,,,,,,,,,,,,,,,,,,,,,,,,,,,,,,F2
,,,,,,,,,,,,,0.25,,,,,,,,1.58,2.24,2.27,1.92,1.78,,,,,,,,3.06,3.14,,Dunkerque,1.53,2.4,2.15,,1.9,1.9,,,,,,,,3.0,3.2,,,,,,,2.3,,,,3.0,3.25,1.63,2.5,2.44,2.05,1.94,,,,,,,,3.15,3.55,,2.35,,,,3.1,2.9,,,,2.25,,,,3.13,3.25,2.25,,,,3.1,3.25,,,,,,,,,,,,,,,,,,,2.2,,,,3.0,3.1,12/12/2025,,,,,,,,,,,,,,,,,,,,,,,,,,,,,Laval,,,,,,,,,,2.2,,,,,,,3.0,3.1,,1.65,2.4,2.35,1.98,1.9,,,,,,,,3.2,3.3,,,,,,,,,,,,,,,,,,,,,,,,,,,,,,19:00,,,,,,,,,,,,,,,,,,,,,,,,,,,,,,,,,,,,,,,,,,,,,,,,,,,,,,,,,,,,,,,,,,,,,,,,,,,,,,F2
,,,,,,,,,,,,,-0.5,,,,,,,,1.72,2.02,3.77,1.83,1.87,,,,,,,,3.33,1.92,,Clermont,1.8,2.0,3.7,,1.88,1.93,,,,,,,,3.2,1.85,,,,,,,4.0,,,,3.3,1.91,1.83,2.12,3.95,1.92,2.02,,,,,,,,3.55,2.06,,3.9,,,,3.3,1.9,,,,3.9,,,,3.4,1.93,3.6,,,,3.3,2.0,,,,,,,,,,,,,,,,,,,3.4,,,,3.2,1.95,12/12/2025,,,,,,,,,,,,,,,,,,,,,,,,,,,,,Nancy,,,,,,,,,,3.4,,,,,,,3.2,1.95,,1.8,2.06,4.0,1.9,1.93,,,,,,,,3.5,2.0,,,,,,,,,,,,,,,,,,,,,,,,,,,,,,19:00,,,,,,,,,,,,,,,,,,,,,,,,,,,,,,,,,,,,,,,,,,,,,,,,,,,,,,,,,,,,,,,,,,,,,,,,,,,,,,F2
,,,,,,,,,,,,,-1.0,,,,,,,,1.92,1.79,6.16,1.89,1.82,,,,,,,,4.07,1.48,,Amiens,1.98,1.83,6.0,,2.03,1.78,,,,,,,,3.8,1.44,,,,,,,6.5,,,,4.0,1.5,2.06,1.87,7.2,2.06,1.86,,,,,,,,4.4,1.52,,5.5,,,,3.85,1.56,,,,7.0,,,,4.2,1.45,6.25,,,,4.4,1.46,,,,,,,,,,,,,,,,,,,5.75,,,,4.2,1.44,12/12/2025,,,,,,,,,,,,,,,,,,,,,,,,,,,,,Pau FC,,,,,,,,,,5.75,,,,,,,4.2,1.44,,2.1,1.85,7.0,2.03,1.91,,,,,,,,4.4,1.56,,,,,,,,,,,,,,,,,,,,,,,,,,,,,,19:00,,,,,,,,,,,,,,,,,,,,,,,,,,,,,,,,,,,,,,,,,,,,,,,,,,,,,,,,,,,,,,,,,,,,,,,,,,,,,,F2
,,,,,,,,,,,,,-0.25,,,,,,,,1.83,1.87,2.97,1.75,1.95,,,,,,,,3.26,2.24,,Guingamp,1.85,1.95,3.0,,1.9,1.9,,,,,,,,3.25,2.1,,,,,,,3.0,,,,3.25,2.3,1.95,2.0,3.35,1.94,2.02,,,,,,,,3.5,2.36,,2.75,,,,3.25,2.35,,,,3.1,,,,3.4,2.2,3.0,,,,3.3,2.25,,,,,,,,,,,,,,,,,,,2.87,,,,3.2,2.2,12/12/2025,,,,,,,,,,,,,,,,,,,,,,,,,,,,,Rodez,,,,,,,,,,2.87,,,,,,,3.2,2.2,,1.85,1.95,3.25,1.9,2.07,,,,,,,,3.4,2.38,,,,,,,,,,,,,,,,,,,,,,,,,,,,,,19:00,,,,,,,,,,,,,,,,,,,,,,,,,,,,,,,,,,,,,,,,,,,,,,,,,,,,,,,,,,,,,,,,,,,,,,,,,,,,,,F2
,,,,,,,,,,,,,0.25,,,,,,,,1.71,2.01,2.24,1.9,1.79,,,,,,,,3.19,3.01,,Montpellier,1.75,2.05,2.2,,1.98,1.83,,,,,,,,3.1,2.9,,,,,,,2.3,,,,3.2,3.0,1.77,2.06,2.26,1.95,1.91,,,,,,,,3.3,3.25,,2.25,,,,3.2,3.0,,,,2.25,,,,3.25,3.0,2.3,,,,3.3,2.95,,,,,,,,,,,,,,,,,,,2.2,,,,3.1,2.87,13/12/2025,,,,,,,,,,,,,,,,,,,,,,,,,,,,,Grenoble,,,,,,,,,,2.2,,,,,,,3.1,2.87,,1.75,2.1,2.3,1.98,1.83,,,,,,,,3.3,3.25,,,,,,,,,,,,,,,,,,,,,,,,,,,,,,13:00,,,,,,,,,,,,,,,,,,,,,,,,,,,,,,,,,,,,,,,,,,,,,,,,,,,,,,,,,,,,,,,,,,,,,,,,,,,,,,F2
,,,,,,,,,,,,,0.25,,,,,,,,1.64,2.12,2.4,2.06,1.66,,,,,,,,3.12,2.82,,Reims,1.7,2.1,2.35,,2.08,1.73,,,,,,,,3.0,2.7,,,,,,,2.4,,,,3.1,2.88,1.77,2.14,2.58,2.2,1.73,,,,,,,,3.15,2.88,,2.48,,,,3.0,2.85,,,,2.4,,,,3.2,2.8,2.35,,,,3.25,2.95,,,,,,,,,,,,,,,,,,,2.25,,,,3.1,2.8,13/12/2025,,,,,,,,,,,,,,,,,,,,,,,,,,,,,Red Star,,,,,,,,,,2.25,,,,,,,3.1,2.8,,1.7,2.2,2.5,2.08,1.73,,,,,,,,3.25,2.95,,,,,,,,,,,,,,,,,,,,,,,,,,,,,,13:00,,,,,,,,,,,,,,,,,,,,,,,,,,,,,,,,,,,,,,,,,,,,,,,,,,,,,,,,,,,,,,,,,,,,,,,,,,,,,,F2
,,,,,,,,,,,,,-0.75,,,,,,,,1.84,1.85,4.67,1.86,1.82,,,,,,,,3.63,1.67,,Bastia,1.9,1.9,4.75,,1.9,1.9,,,,,,,,3.4,1.67,,,,,,,5.0,,,,3.6,1.67,1.92,1.9,5.2,1.98,1.91,,,,,,,,3.95,1.71,,4.8,,,,3.6,1.67,,,,4.6,,,,3.7,1.67,4.6,,,,3.7,1.7,,,,,,,,,,,,,,,,,,,4.33,,,,3.5,1.67,13/12/2025,,,,,,,,,,,,,,,,,,,,,,,,,,,,,St Etienne,,,,,,,,,,4.33,,,,,,,3.5,1.67,,1.9,1.95,5.0,1.9,1.9,,,,,,,,3.8,1.7,,,,,,,,,,,,,,,,,,,,,,,,,,,,,,19:00,,,,,,,,,,,,,,,,,,,,,,,,,,,,,,,,,,,,,,,,,,,,,,,,,,,,,,,,,,,,,,,,,,,,,,,,,,,,,,F2
,,,,,,,,,,,,,0.5,,,,,,,,1.63,2.15,1.98,1.95,1.76,,,,,,,,3.18,3.66,,Troyes,1.65,2.2,1.95,,2.0,1.8,,,,,,,,3.0,3.6,,,,,,,2.0,,,,3.2,3.75,1.66,2.22,2.02,2.02,1.67,,,,,,,,2.82,3.9,,1.98,,,,3.25,3.7,,,,2.0,,,,3.2,3.7,2.0,,,,3.3,3.6,,,,,,,,,,,,,,,,,,,1.95,,,,3.2,3.5,15/12/2025,,,,,,,,,,,,,,,,,,,,,,,,,,,,,Boulogne,,,,,,,,,,1.95,,,,,,,3.2,3.5,,1.65,2.2,2.0,2.0,1.83,,,,,,,,3.3,3.75,,,,,,,,,,,,,,,,,,,,,,,,,,,,,,19:45,,,,,,,,,,,,,,,,,,,,,,,,,,,,,,,,,,,,,,,,,,,,,,,,,,,,,,,,,,,,,,,,,,,,,,,,,,,,,,F2
,,,,,,,,,,,,,-1.25,,,,,,,,1.98,1.74,7.31,1.85,1.83,,,,,,,,4.41,1.37,,Larisa,2.0,1.8,8.0,,1.9,1.9,,,,,,,,4.5,1.37,,,,,,,7.5,,,,4.2,1.36,1.98,1.82,8.6,1.9,1.96,,,,,,,,4.7,1.41,,7.5,,,,4.4,1.38,,,,7.5,,,,4.4,1.36,7.0,,,,4.75,1.4,,,,,,,,,,,,,,,,,,,6.5,,,,4.4,1.36,13/12/2025,,,,,,,,,,,,,,,,,,,,,,,,,,,,,Levadeiakos,,,,,,,,,,6.5,,,,,,,4.4,1.36,,2.0,1.8,8.0,1.9,1.9,,,,,,,,4.75,1.4,,,,,,,,,,,,,,,,,,,,,,,,,,,,,,15:00,,,,,,,,,,,,,,,,,,,,,,,,,,,,,,,,,,,,,,,,,,,,,,,,,,,,,,,,,,,,,,,,,,,,,,,,,,,,,,G1
,,,,,,,,,,,,,-0.5,,,,,,,,1.91,1.79,3.87,1.84,1.85,,,,,,,,3.37,1.86,,Panserraikos,1.98,1.83,4.2,,1.9,1.9,,,,,,,,3.3,1.86,,,,,,,3.6,,,,3.3,1.9,1.99,1.86,4.1,2.01,1.91,,,,,,,,3.4,1.91,,3.95,,,,3.55,1.8,,,,3.7,,,,3.4,1.87,3.8,,,,3.6,1.88,,,,,,,,,,,,,,,,,,,3.6,,,,3.4,1.83,13/12/2025,,,,,,,,,,,,,,,,,,,,,,,,,,,,,OFI Crete,,,,,,,,,,3.6,,,,,,,3.4,1.83,,1.98,1.83,4.33,1.9,1.9,,,,,,,,3.6,1.93,,,,,,,,,,,,,,,,,,,,,,,,,,,,,,16:00,,,,,,,,,,,,,,,,,,,,,,,,,,,,,,,,,,,,,,,,,,,,,,,,,,,,,,,,,,,,,,,,,,,,,,,,,,,,,,G1
,,,,,,,,,,,,,-0.5,,,,,,,,1.7,2.04,3.53,1.75,1.97,,,,,,,,3.24,1.99,,Asteras Tripolis,1.73,2.08,3.75,,1.78,2.03,,,,,,,,3.25,2.01,,,,,,,3.5,,,,3.1,2.0,1.73,2.12,3.75,1.79,2.1,,,,,,,,3.3,2.1,,,,,,,,,,,3.5,,,,3.25,2.0,3.5,,,,3.4,2.0,,,,,,,,,,,,,,,,,,,3.3,,,,3.2,1.95,13/12/2025,,,,,,,,,,,,,,,,,,,,,,,,,,,,,Kifisia,,,,,,,,,,3.3,,,,,,,3.2,1.95,,1.73,2.1,3.75,1.8,2.03,,,,,,,,3.4,2.01,,,,,,,,,,,,,,,,,,,,,,,,,,,,,,18:00,,,,,,,,,,,,,,,,,,,,,,,,,,,,,,,,,,,,,,,,,,,,,,,,,,,,,,,,,,,,,,,,,,,,,,,,,,,,,,G1
,,,,,,,,,,,,,1.25,,,,,,,,1.76,1.95,1.39,1.9,1.79,,,,,,,,4.18,7.49,,AEK,1.83,1.98,1.41,,1.98,1.83,,,,,,,,4.33,7.0,,,,,,,1.4,,,,4.0,7.5,1.84,1.33,1.4,,,,,,,,,,4.5,6.0,,1.4,,,,4.1,8.0,,,,1.36,,,,4.2,8.0,1.42,,,,4.4,7.25,,,,,,,,,,,,,,,,,,,1.4,,,,4.2,6.5,14/12/2025,,,,,,,,,,,,,,,,,,,,,,,,,,,,,Panetolikos,,,,,,,,,,1.4,,,,,,,4.2,6.5,,1.83,2.0,1.42,1.98,1.83,,,,,,,,4.5,8.1,,,,,,,,,,,,,,,,,,,,,,,,,,,,,,15:30,,,,,,,,,,,,,,,,,,,,,,,,,,,,,,,,,,,,,,,,,,,,,,,,,,,,,,,,,,,,,,,,,,,,,,,,,,,,,,G1
,,,,,,,,,,,,,1.25,,,,,,,,1.93,1.78,1.41,1.92,1.78,,,,,,,,4.25,6.71,,PAOK,2.0,1.8,1.41,,2.0,1.8,,,,,,,,4.33,7.0,,,,,,,1.4,,,,4.0,7.0,2.02,1.28,1.42,,,,,,,,,,4.6,8.0,,1.41,,,,4.25,7.0,,,,1.4,,,,4.2,7.0,1.44,,,,4.5,6.5,,,,,,,,,,,,,,,,,,,1.4,,,,4.2,5.75,14/12/2025,,,,,,,,,,,,,,,,,,,,,,,,,,,,,Atromitos,,,,,,,,,,1.4,,,,,,,4.2,5.75,,2.0,1.8,1.44,2.0,1.8,,,,,,,,4.5,7.0,,,,,,,,,,,,,,,,,,,,,,,,,,,,,,16:00,,,,,,,,,,,,,,,,,,,,,,,,,,,,,,,,,,,,,,,,,,,,,,,,,,,,,,,,,,,,,,,,,,,,,,,,,,,,,,G1
,,,,,,,,,,,,,1.0,,,,,,,,1.75,1.96,1.44,1.76,1.96,,,,,,,,3.99,6.78,,Olympiakos,1.78,2.03,1.42,,1.78,2.03,,,,,,,,4.2,7.5,,,,,,,1.44,,,,3.75,7.0,1.81,2.04,1.45,,,,,,,,,,4.2,8.8,,1.47,,,,3.95,6.5,,,,1.44,,,,3.9,7.0,1.46,,,,4.2,6.75,,,,,,,,,,,,,,,,,,,1.44,,,,4.0,6.0,14/12/2025,,,,,,,,,,,,,,,,,,,,,,,,,,,,,Aris,,,,,,,,,,1.44,,,,,,,4.0,6.0,,1.8,2.03,1.47,1.8,2.03,,,,,,,,4.2,7.5,,,,,,,,,,,,,,,,,,,,,,,,,,,,,,18:00,,,,,,,,,,,,,,,,,,,,,,,,,,,,,,,,,,,,,,,,,,,,,,,,,,,,,,,,,,,,,,,,,,,,,,,,,,,,,,G1
,,,,,,,,,,,,,-1.5,,,,,,,,2.03,1.7,8.95,1.81,1.88,,,,,,,,4.83,1.3,,Volos NFC,2.08,1.73,11.0,,1.9,1.9,,,,,,,,5.0,1.27,,,,,,,9.5,,,,4.6,1.29,2.1,1.63,6.4,,,,,,,,,,4.7,1.3,,8.5,,,,4.6,1.34,,,,9.5,,,,4.8,1.29,9.0,,,,5.25,1.31,,,,,,,,,,,,,,,,,,,8.0,,,,4.8,1.28,14/12/2025,,,,,,,,,,,,,,,,,,,,,,,,,,,,,Panathinaikos,,,,,,,,,,8.0,,,,,,,4.8,1.28,,2.1,1.74,11.0,1.9,1.95,,,,,,,,5.33,1.34,,,,,,,,,,,,,,,,,,,,,,,,,,,,,,19:00,,,,,,,,,,,,,,,,,,,,,,,,,,,,,,,,,,,,,,,,,,,,,,,,,,,,,,,,,,,,,,,,,,,,,,,,,,,,,,G1
,,,,,,,,,,,,,-0.25,,,,,,,,1.43,2.7,3.3,1.74,2.06,,,,,,,,2.83,2.47,,Pisa,1.44,2.75,3.3,,1.78,2.1,,,,,,,,2.88,2.5,,,,,,,3.25,,,,2.88,2.5,1.48,3.0,3.6,1.85,2.15,,,,,,,,2.94,2.6,,3.3,,,,2.8,2.55,,,,3.3,,,,2.8,2.5,3.3,,,,2.87,2.45,,,,,,,,,,,,,,,,,,,3.3,,,,2.87,2.45,12/12/2025,,,,,,,,,,,,,,,,,,,,,,,,,,,,,Lecce,,,,,,,,,,3.3,,,,,,,2.87,2.45,,1.47,2.8,3.4,1.78,2.1,,,,,,,,2.9,2.55,1.44,2.9,1.82,2.13,,,,,3.45,,,,2.9,2.54,,,,,,,,,,,,,,,,19:45,,,,,,,,,,,,,,,,,,,,,,,,,,,,,,,,,,,,,,,,,,,,,,,,,,,,,,,,,,,,,,,,,,,,,,,,,,,,,,I1
,,,,,,,,,,,,,-0.5,,,,,,,,1.64,2.19,4.15,1.8,1.92,,,,,,,,3.21,1.96,,Cremonese,1.67,2.2,4.2,,1.85,2.0,,,,,,,,3.25,1.95,,,,,,,4.0,,,,3.3,1.95,1.7,2.36,4.5,1.92,2.06,,,,,,,,3.35,2.06,,4.25,,,,3.25,1.96,,,,3.9,,,,3.3,2.0,4.1,,,,3.25,1.95,,,,,,,,,,,,,,,,,,,4.2,,,,3.25,1.95,13/12/2025,,,,,,,,,,,,,,,,,,,,,,,,,,,,,Torino,,,,,,,,,,4.2,,,,,,,3.2,1.95,,1.67,2.25,4.33,1.85,2.0,,,,,,,,3.3,2.0,1.68,2.29,1.88,2.02,,,,,4.43,,,,3.2,2.01,,,,,,,,,,,,,,,,14:00,,,,,,,,,,,,,,,,,,,,,,,,,,,,,,,,,,,,,,,,,,,,,,,,,,,,,,,,,,,,,,,,,,,,,,,,,,,,,,I1
,,,,,,,,,,,,,0.25,,,,,,,,1.61,2.24,2.09,1.73,1.98,,,,,,,,3.25,3.62,,Lazio,1.62,2.3,2.1,,1.8,2.05,,,,,,,,3.3,3.6,,,,,,,2.1,,,,3.2,3.6,1.67,2.42,2.16,1.84,2.14,,,,,,,,3.4,4.0,,2.14,,,,3.3,3.6,,,,2.1,,,,3.25,3.6,2.1,,,,3.3,3.6,,,,,,,,,,,,,,,,,,,2.1,,,,3.3,3.6,13/12/2025,,,,,,,,,,,,,,,,,,,,,,,,,,,,,Parma,,,,,,,,,,2.05,,,,,,,3.25,3.6,,1.62,2.3,2.14,1.82,2.05,,,,,,,,3.33,3.8,1.64,2.36,1.82,2.11,,,,,2.11,,,,3.34,3.83,,,,,,,,,,,,,,,,17:00,,,,,,,,,,,,,,,,,,,,,,,,,,,,,,,,,,,,,,,,,,,,,,,,,,,,,,,,,,,,,,,,,,,,,,,,,,,,,,I1
,,,,,,,,,,,,,-1.5,,,,,,,,2.13,1.67,9.23,1.79,1.94,,,,,,,,5.14,1.32,,Cagliari,2.1,1.73,9.5,,1.85,2.0,,,,,,,,5.0,1.33,,,,,,,9.5,,,,5.0,1.33,2.24,1.76,10.5,1.88,2.08,,,,,,,,5.6,1.37,,10.0,,,,5.4,1.3,,,,10.0,,,,5.25,1.3,8.5,,,,5.25,1.35,,,,,,,,,,,,,,,,,,,8.5,,,,5.25,1.35,13/12/2025,,,,,,,,,,,,,,,,,,,,,,,,,,,,,Atalanta,,,,,,,,,,8.5,,,,,,,5.25,1.35,,2.2,1.73,10.0,1.85,2.0,,,,,,,,5.4,1.36,2.18,1.74,1.87,2.04,,,,,8.72,,,,5.48,1.35,,,,,,,,,,,,,,,,19:45,,,,,,,,,,,,,,,,,,,,,,,,,,,,,,,,,,,,,,,,,,,,,,,,,,,,,,,,,,,,,,,,,,,,,,,,,,,,,,I1
,,,,,,,,,,,,,-1.25,,,,,,,,1.98,1.77,7.72,1.87,1.89,,,,,,,,4.54,1.4,,Sassuolo,2.03,1.83,8.0,,1.88,1.98,,,,,,,,4.33,1.42,,,,,,,8.0,,,,4.5,1.4,2.06,1.89,9.0,1.94,2.0,,,,,,,,4.9,1.46,,8.0,,,,4.7,1.4,,,,7.5,,,,4.4,1.4,7.25,,,,4.6,1.43,,,,,,,,,,,,,,,,,,,7.5,,,,4.6,1.44,14/12/2025,,,,,,,,,,,,,,,,,,,,,,,,,,,,,Milan,,,,,,,,,,7.0,,,,,,,4.6,1.44,,2.06,1.83,8.7,1.91,1.98,,,,,,,,4.75,1.44,2.05,1.85,1.93,1.97,,,,,8.05,,,,4.78,1.42,,,,,,,,,,,,,,,,11:30,,,,,,,,,,,,,,,,,,,,,,,,,,,,,,,,,,,,,,,,,,,,,,,,,,,,,,,,,,,,,,,,,,,,,,,,,,,,,,I1
,,,,,,,,,,,,,-0.5,,,,,,,,1.65,2.17,4.51,1.97,1.77,,,,,,,,3.42,1.82,,Verona,1.67,2.2,4.75,,2.05,1.8,,,,,,,,3.4,1.8,,,,,,,4.6,,,,3.3,1.83,1.73,2.3,5.2,2.13,1.86,,,,,,,,3.6,1.86,,4.5,,,,3.4,1.86,,,,4.5,,,,3.4,1.8,4.33,,,,3.4,1.85,,,,,,,,,,,,,,,,,,,4.33,,,,3.5,1.85,14/12/2025,,,,,,,,,,,,,,,,,,,,,,,,,,,,,Fiorentina,,,,,,,,,,4.33,,,,,,,3.4,1.85,,1.67,2.2,4.75,2.05,1.83,,,,,,,,3.6,1.86,1.69,2.25,2.09,1.81,,,,,4.83,,,,3.62,1.81,,,,,,,,,,,,,,,,14:00,,,,,,,,,,,,,,,,,,,,,,,,,,,,,,,,,,,,,,,,,,,,,,,,,,,,,,,,,,,,,,,,,,,,,,,,,,,,,,I1
,,,,,,,,,,,,,0.5,,,,,,,,1.58,2.29,1.86,1.81,1.91,,,,,,,,3.33,4.38,,Napoli,1.62,2.3,1.85,,1.85,2.0,,,,,,,,3.4,4.5,,,,,,,1.9,,,,3.3,4.33,1.66,2.44,1.88,1.88,2.1,,,,,,,,3.5,5.2,,1.91,,,,3.35,4.3,,,,1.83,,,,3.3,4.4,1.88,,,,3.3,4.5,,,,,,,,,,,,,,,,,,,1.91,,,,3.3,4.5,14/12/2025,,,,,,,,,,,,,,,,,,,,,,,,,,,,,Udinese,,,,,,,,,,1.85,,,,,,,3.3,4.4,,1.62,2.35,1.91,1.85,2.0,,,,,,,,3.4,4.5,1.62,2.41,1.87,2.04,,,,,1.86,,,,3.55,4.6,,,,,,,,,,,,,,,,14:00,,,,,,,,,,,,,,,,,,,,,,,,,,,,,,,,,,,,,,,,,,,,,,,,,,,,,,,,,,,,,,,,,,,,,,,,,,,,,,I1
,,,,,,,,,,,,,1.0,,,,,,,,1.77,1.97,1.67,1.88,1.9,,,,,,,,4.2,6.37,,Inter,1.8,2.0,1.5,,1.88,1.98,,,,,,,,4.2,6.5,,,,,,,1.53,,,,4.0,6.5,1.9,2.04,1.57,1.95,2.01,,,,,,,,4.3,7.2,,1.54,,,,3.95,6.75,,,,1.5,,,,3.9,6.5,1.55,,,,4.0,6.25,,,,,,,,,,,,,,,,,,,1.55,,,,4.0,6.0,14/12/2025,,,,,,,,,,,,,,,,,,,,,,,,,,,,,Genoa,,,,,,,,,,1.53,,,,,,,4.0,6.0,,1.83,2.02,4.0,1.94,1.98,,,,,,,,6.8,6.75,1.87,2.02,1.88,2.03,,,,,1.52,,,,4.38,6.67,,,,,,,,,,,,,,,,17:00,,,,,,,,,,,,,,,,,,,,,,,,,,,,,,,,,,,,,,,,,,,,,,,,,,,,,,,,,,,,,,,,,,,,,,,,,,,,,,I1
,,,,,,,,,,,,,0.0,,,,,,,,1.63,2.2,2.51,1.77,1.99,,,,,,,,3.16,2.87,,Juventus,1.67,2.2,2.5,,1.8,2.05,,,,,,,,3.25,2.88,,,,,,,2.6,,,,3.1,2.88,1.7,2.32,2.76,1.9,2.08,,,,,,,,3.15,3.05,,2.43,,,,3.2,3.05,,,,2.5,,,,3.13,2.8,2.5,,,,3.25,2.85,,,,,,,,,,,,,,,,,,,2.5,,,,3.25,2.8,14/12/2025,,,,,,,,,,,,,,,,,,,,,,,,,,,,,Bologna,,,,,,,,,,2.5,,,,,,,3.2,2.8,,1.67,2.25,2.6,1.83,2.05,,,,,,,,3.25,3.05,1.68,2.28,1.84,2.07,,,,,2.62,,,,3.2,2.95,,,,,,,,,,,,,,,,19:45,,,,,,,,,,,,,,,,,,,,,,,,,,,,,,,,,,,,,,,,,,,,,,,,,,,,,,,,,,,,,,,,,,,,,,,,,,,,,,I1
,,,,,,,,,,,,,-0.25,,,,,,,,1.64,2.19,3.53,1.96,1.81,,,,,,,,3.17,2.15,,Como,1.67,2.2,3.6,,2.0,1.85,,,,,,,,3.3,2.1,,,,,,,3.5,,,,3.2,2.15,1.72,2.3,3.9,2.06,1.91,,,,,,,,3.2,2.26,,3.7,,,,3.25,2.12,,,,3.4,,,,3.2,2.15,3.5,,,,3.2,2.2,,,,,,,,,,,,,,,,,,,3.5,,,,3.2,2.2,15/12/2025,,,,,,,,,,,,,,,,,,,,,,,,,,,,,Roma,,,,,,,,,,3.5,,,,,,,3.2,2.15,,1.67,2.25,3.7,2.0,1.86,,,,,,,,3.3,2.2,1.68,2.28,2.01,1.89,,,,,3.7,,,,3.19,2.22,,,,,,,,,,,,,,,,19:45,,,,,,,,,,,,,,,,,,,,,,,,,,,,,,,,,,,,,,,,,,,,,,,,,,,,,,,,,,,,,,,,,,,,,,,,,,,,,,I1
,,,,,,,,,,,,,-0.75,,,,,,,,1.74,1.98,4.92,1.89,1.8,,,,,,,,3.62,1.65,,Sampdoria,1.75,2.05,5.25,,1.95,1.85,,,,,,,,3.75,1.62,,,,,,,5.0,,,,3.6,1.67,1.86,2.1,5.8,2.05,1.91,,,,,,,,3.85,1.71,,4.8,,,,3.6,1.66,,,,5.0,,,,3.6,1.62,5.0,,,,3.7,1.66,,,,,,,,,,,,,,,,,,,4.6,,,,3.5,1.61,12/12/2025,,,,,,,,,,,,,,,,,,,,,,,,,,,,,Palermo,,,,,,,,,,4.6,,,,,,,3.5,1.61,,1.8,2.05,5.25,1.95,1.85,,,,,,,,3.75,1.69,,,,,,,,,,,,,,,,,,,,,,,,,,,,,,19:30,,,,,,,,,,,,,,,,,,,,,,,,,,,,,,,,,,,,,,,,,,,,,,,,,,,,,,,,,,,,,,,,,,,,,,,,,,,,,,I2
,,,,,,,,,,,,,-0.25,,,,,,,,1.54,2.33,3.3,1.82,1.87,,,,,,,,2.98,2.22,,Empoli,1.53,2.4,3.5,,1.9,1.9,,,,,,,,2.85,2.2,,,,,,,3.3,,,,3.0,2.25,1.62,2.38,3.65,1.96,1.92,,,,,,,,3.05,2.28,,3.15,,,,2.95,2.32,,,,3.25,,,,3.1,2.15,3.25,,,,3.1,2.25,,,,,,,,,,,,,,,,,,,3.1,,,,2.9,2.2,13/12/2025,,,,,,,,,,,,,,,,,,,,,,,,,,,,,Juve Stabia,,,,,,,,,,3.1,,,,,,,2.9,2.2,,1.6,2.4,3.6,1.9,1.92,,,,,,,,3.1,2.32,,,,,,,,,,,,,,,,,,,,,,,,,,,,,,14:00,,,,,,,,,,,,,,,,,,,,,,,,,,,,,,,,,,,,,,,,,,,,,,,,,,,,,,,,,,,,,,,,,,,,,,,,,,,,,,I2
,,,,,,,,,,,,,-0.25,,,,,,,,1.54,2.32,3.09,1.74,1.96,,,,,,,,3.0,2.32,,Padova,1.53,2.4,3.3,,1.85,1.95,,,,,,,,3.05,2.25,,,,,,,3.2,,,,3.0,2.3,1.59,2.46,3.55,1.9,1.99,,,,,,,,3.1,2.36,,2.9,,,,3.0,2.43,,,,3.13,,,,3.0,2.25,3.1,,,,3.1,2.37,,,,,,,,,,,,,,,,,,,2.9,,,,2.9,2.3,13/12/2025,,,,,,,,,,,,,,,,,,,,,,,,,,,,,Reggiana,,,,,,,,,,2.9,,,,,,,2.9,2.3,,1.57,2.42,3.3,1.85,2.02,,,,,,,,3.1,2.43,,,,,,,,,,,,,,,,,,,,,,,,,,,,,,14:00,,,,,,,,,,,,,,,,,,,,,,,,,,,,,,,,,,,,,,,,,,,,,,,,,,,,,,,,,,,,,,,,,,,,,,,,,,,,,,I2
,,,,,,,,,,,,,0.25,,,,,,,,1.58,2.24,2.18,1.85,1.83,,,,,,,,3.06,3.3,,Modena,1.62,2.25,2.2,,1.9,1.9,,,,,,,,3.2,3.4,,,,,,,2.2,,,,3.1,3.3,1.68,2.3,2.3,1.94,1.96,,,,,,,,3.15,3.55,,2.23,,,,2.95,3.25,,,,2.15,,,,3.1,3.25,2.25,,,,3.1,3.2,,,,,,,,,,,,,,,,,,,2.15,,,,3.0,3.1,13/12/2025,,,,,,,,,,,,,,,,,,,,,,,,,,,,,Spezia,,,,,,,,,,2.15,,,,,,,3.0,3.1,,1.62,2.33,2.25,1.9,1.9,,,,,,,,3.2,3.5,,,,,,,,,,,,,,,,,,,,,,,,,,,,,,14:00,,,,,,,,,,,,,,,,,,,,,,,,,,,,,,,,,,,,,,,,,,,,,,,,,,,,,,,,,,,,,,,,,,,,,,,,,,,,,,I2
,,,,,,,,,,,,,-0.5,,,,,,,,1.63,2.15,3.8,1.78,1.93,,,,,,,,3.18,1.96,,Bari,1.65,2.2,4.2,,1.83,1.98,,,,,,,,3.2,1.91,,,,,,,3.75,,,,3.2,2.0,1.7,2.26,4.5,1.89,2.04,,,,,,,,3.25,2.04,,3.7,,,,3.2,1.98,,,,3.75,,,,3.2,1.95,3.8,,,,3.2,2.0,,,,,,,,,,,,,,,,,,,3.6,,,,3.1,1.95,13/12/2025,,,,,,,,,,,,,,,,,,,,,,,,,,,,,Sudtirol,,,,,,,,,,3.6,,,,,,,3.1,1.95,,1.65,2.2,4.2,1.83,2.0,,,,,,,,3.25,2.0,,,,,,,,,,,,,,,,,,,,,,,,,,,,,,14:00,,,,,,,,,,,,,,,,,,,,,,,,,,,,,,,,,,,,,,,,,,,,,,,,,,,,,,,,,,,,,,,,,,,,,,,,,,,,,,I2
,,,,,,,,,,,,,-0.25,,,,,,,,1.62,2.15,3.24,1.8,1.9,,,,,,,,3.01,2.23,,Monza,1.67,2.15,3.5,,1.9,1.9,,,,,,,,2.95,2.2,,,,,,,3.25,,,,3.1,2.2,1.72,2.24,3.5,1.94,1.97,,,,,,,,3.1,2.34,,3.05,,,,3.0,2.32,,,,3.13,,,,3.13,2.2,3.3,,,,3.1,2.25,,,,,,,,,,,,,,,,,,,3.1,,,,3.0,2.15,13/12/2025,,,,,,,,,,,,,,,,,,,,,,,,,,,,,Venezia,,,,,,,,,,3.1,,,,,,,3.0,2.15,,1.67,2.23,3.6,1.9,1.93,,,,,,,,3.15,2.32,,,,,,,,,,,,,,,,,,,,,,,,,,,,,,14:00,,,,,,,,,,,,,,,,,,,,,,,,,,,,,,,,,,,,,,,,,,,,,,,,,,,,,,,,,,,,,,,,,,,,,,,,,,,,,,I2
,,,,,,,,,,,,,-0.5,,,,,,,,1.77,1.95,3.91,1.89,1.82,,,,,,,,3.44,1.85,,Avellino,1.8,2.0,3.9,,1.95,1.85,,,,,,,,3.6,1.81,,,,,,,4.0,,,,3.4,1.9,1.85,2.02,4.4,1.98,1.9,,,,,,,,3.6,1.9,,,,,,,,,,,3.9,,,,3.4,1.83,3.9,,,,3.4,1.9,,,,,,,,,,,,,,,,,,,3.7,,,,3.25,1.85,13/12/2025,,,,,,,,,,,,,,,,,,,,,,,,,,,,,Catanzaro,,,,,,,,,,3.7,,,,,,,3.25,1.85,,1.8,2.0,4.33,1.95,1.85,,,,,,,,3.6,1.9,,,,,,,,,,,,,,,,,,,,,,,,,,,,,,16:15,,,,,,,,,,,,,,,,,,,,,,,,,,,,,,,,,,,,,,,,,,,,,,,,,,,,,,,,,,,,,,,,,,,,,,,,,,,,,,I2
,,,,,,,,,,,,,-0.5,,,,,,,,1.76,1.96,4.3,1.96,1.75,,,,,,,,3.43,1.77,,Mantova,1.85,1.95,4.75,,2.05,1.75,,,,,,,,3.5,1.71,,,,,,,4.2,,,,3.4,1.83,1.87,2.0,4.9,2.14,1.8,,,,,,,,3.7,1.8,,4.2,,,,3.4,1.8,,,,4.6,,,,3.3,1.75,4.33,,,,3.5,1.8,,,,,,,,,,,,,,,,,,,4.0,,,,3.3,1.75,13/12/2025,,,,,,,,,,,,,,,,,,,,,,,,,,,,,Cesena,,,,,,,,,,4.0,,,,,,,3.3,1.75,,1.85,2.06,4.75,2.05,1.83,,,,,,,,3.66,1.83,,,,,,,,,,,,,,,,,,,,,,,,,,,,,,18:30,,,,,,,,,,,,,,,,,,,,,,,,,,,,,,,,,,,,,,,,,,,,,,,,,,,,,,,,,,,,,,,,,,,,,,,,,,,,,,I2
,,,,,,,,,,,,,0.0,,,,,,,,1.63,2.14,2.74,1.93,1.8,,,,,,,,3.04,2.53,,Virtus Entella,1.65,2.2,2.82,,2.0,1.8,,,,,,,,3.05,2.55,,,,,,,2.75,,,,3.1,2.5,1.69,2.04,2.86,,,,,,,,,,3.1,2.66,,2.8,,,,3.15,2.43,,,,2.7,,,,3.1,2.5,2.7,,,,3.1,2.6,,,,,,,,,,,,,,,,,,,2.6,,,,3.0,2.5,14/12/2025,,,,,,,,,,,,,,,,,,,,,,,,,,,,,Carrarese,,,,,,,,,,2.6,,,,,,,3.0,2.5,,1.66,2.2,2.82,2.0,1.85,,,,,,,,3.15,2.66,,,,,,,,,,,,,,,,,,,,,,,,,,,,,,14:00,,,,,,,,,,,,,,,,,,,,,,,,,,,,,,,,,,,,,,,,,,,,,,,,,,,,,,,,,,,,,,,,,,,,,,,,,,,,,,I2
,,,,,,,,,,,,,0.5,,,,,,,,2.05,1.69,1.86,1.83,1.87,,,,,,,,3.63,3.68,,Frosinone,2.1,1.7,1.81,,1.85,1.95,,,,,,,,3.9,3.7,,,,,,,1.9,,,,3.6,3.75,2.16,1.72,1.88,,,,,,,,,,3.75,3.85,,1.94,,,,3.5,3.5,,,,1.83,,,,3.6,3.7,1.87,,,,3.7,3.75,,,,,,,,,,,,,,,,,,,1.83,,,,3.5,3.6,14/12/2025,,,,,,,,,,,,,,,,,,,,,,,,,,,,,Pescara,,,,,,,,,,1.83,,,,,,,3.5,3.6,,2.12,1.73,1.94,1.89,1.95,,,,,,,,3.9,4.0,,,,,,,,,,,,,,,,,,,,,,,,,,,,,,16:15,,,,,,,,,,,,,,,,,,,,,,,,,,,,,,,,,,,,,,,,,,,,,,,,,,,,,,,,,,,,,,,,,,,,,,,,,,,,,,I2
,,,,,,,,,,,,,0.5,,,,,,,,2.63,1.43,1.89,1.84,1.86,,,,,,,,3.89,3.52,,Nijmegen,2.7,1.44,1.9,,1.88,1.93,,,,,,,,4.0,3.5,,,,,,,1.9,,,,3.75,3.3,2.8,1.5,1.93,1.94,2.0,,,,,,,,4.1,3.8,,1.86,,,,3.9,3.6,,,,1.87,,,,4.0,3.5,1.93,,,,3.9,3.5,,,,,,,,,,,,,,,,,,,1.91,,,,3.9,3.5,13/12/2025,,,,,,,,,,,,,,,,,,,,,,,,,,,,,Telstar,,,,,,,,,,1.91,,,,,,,3.9,3.5,,2.7,1.48,1.93,1.9,1.93,,,,,,,,4.0,3.65,2.71,1.47,1.89,1.98,,,,,1.88,,,,4.03,3.69,,,,,,,,,,,,,,,,15:30,,,,,,,,,,,,,,,,,,,,,,,,,,,,,,,,,,,,,,,,,,,,,,,,,,,,,,,,,,,,,,,,,,,,,,,,,,,,,,N1
,,,,,,,,,,,,,-1.25,,,,,,,,2.39,1.52,6.65,1.89,1.85,,,,,,,,4.64,1.42,,Volendam,2.4,1.53,7.0,,1.9,1.9,,,,,,,,4.33,1.44,,,,,,,6.5,,,,4.33,1.4,2.52,1.59,7.2,1.92,1.96,,,,,,,,4.9,1.48,,7.0,,,,4.6,1.4,,,,7.0,,,,4.75,1.4,6.5,,,,4.8,1.44,,,,,,,,,,,,,,,,,,,6.5,,,,4.8,1.44,13/12/2025,,,,,,,,,,,,,,,,,,,,,,,,,,,,,Groningen,,,,,,,,,,6.5,,,,,,,4.8,1.44,,2.5,1.55,7.1,1.95,1.9,,,,,,,,4.8,1.44,2.43,1.58,1.92,1.95,,,,,6.52,,,,4.82,1.44,,,,,,,,,,,,,,,,17:45,,,,,,,,,,,,,,,,,,,,,,,,,,,,,,,,,,,,,,,,,,,,,,,,,,,,,,,,,,,,,,,,,,,,,,,,,,,,,,N1
,,,,,,,,,,,,,-2.75,,,,,,,,4.4,1.18,16.47,1.76,1.99,,,,,,,,9.44,1.11,,Heracles,4.5,1.18,15.0,,1.8,2.0,,,,,,,,11.0,1.13,,,,,,,15.0,,,,8.0,1.09,5.2,1.21,21.0,1.85,2.02,,,,,,,,13.5,1.12,,15.0,,,,9.0,1.12,,,,19.0,,,,10.0,1.09,17.0,,,,10.0,1.13,,,,,,,,,,,,,,,,,,,17.0,,,,10.0,1.12,13/12/2025,,,,,,,,,,,,,,,,,,,,,,,,,,,,,PSV Eindhoven,,,,,,,,,,17.0,,,,,,,10.0,1.12,,4.8,1.2,19.5,1.8,2.06,,,,,,,,11.0,1.13,4.99,1.16,1.84,2.0,,,,,16.16,,,,11.79,1.1,,,,,,,,,,,,,,,,19:00,,,,,,,,,,,,,,,,,,,,,,,,,,,,,,,,,,,,,,,,,,,,,,,,,,,,,,,,,,,,,,,,,,,,,,,,,,,,,,N1
,,,,,,,,,,,,,0.0,,,,,,,,2.11,1.66,2.8,2.03,1.7,,,,,,,,3.53,2.34,,For Sittard,2.1,1.7,2.88,,2.05,1.75,,,,,,,,3.6,2.35,,,,,,,2.8,,,,3.3,2.25,2.18,1.76,2.78,2.07,1.84,,,,,,,,3.65,2.5,,2.85,,,,3.5,2.33,,,,2.8,,,,3.5,2.38,2.75,,,,3.7,2.35,,,,,,,,,,,,,,,,,,,2.75,,,,3.7,2.37,13/12/2025,,,,,,,,,,,,,,,,,,,,,,,,,,,,,Zwolle,,,,,,,,,,2.75,,,,,,,3.7,2.3,,2.2,1.7,2.94,2.15,1.75,,,,,,,,3.7,2.38,2.12,1.74,2.08,1.81,,,,,2.77,,,,3.62,2.42,,,,,,,,,,,,,,,,20:00,,,,,,,,,,,,,,,,,,,,,,,,,,,,,,,,,,,,,,,,,,,,,,,,,,,,,,,,,,,,,,,,,,,,,,,,,,,,,,N1
,,,,,,,,,,,,,0.25,,,,,,,,2.36,1.53,2.21,1.85,1.84,,,,,,,,3.65,2.9,,Heerenveen,2.35,1.57,2.3,,1.98,1.83,,,,,,,,3.6,2.9,,,,,,,2.15,,,,3.4,2.88,2.42,1.57,2.32,,,,,,,,,,3.8,3.1,,2.12,,,,3.65,3.1,,,,2.25,,,,3.7,2.8,2.2,,,,3.75,2.95,,,,,,,,,,,,,,,,,,,2.2,,,,3.75,2.9,14/12/2025,,,,,,,,,,,,,,,,,,,,,,,,,,,,,Sparta Rotterdam,,,,,,,,,,2.2,,,,,,,3.75,2.9,,2.43,1.57,2.3,1.98,1.94,,,,,,,,3.75,3.15,2.44,1.56,2.04,1.83,,,,,2.31,,,,3.77,2.84,,,,,,,,,,,,,,,,11:15,,,,,,,,,,,,,,,,,,,,,,,,,,,,,,,,,,,,,,,,,,,,,,,,,,,,,,,,,,,,,,,,,,,,,,,,,,,,,,N1
,,,,,,,,,,,,,0.25,,,,,,,,2.42,1.51,2.14,1.82,1.88,,,,,,,,3.74,2.97,,Feyenoord,2.4,1.53,2.15,,1.9,1.9,,,,,,,,3.9,3.0,,,,,,,2.05,,,,3.5,3.0,2.54,1.56,2.24,,,,,,,,,,3.9,3.25,,2.14,,,,3.75,2.95,,,,2.15,,,,3.75,3.0,2.15,,,,3.8,3.0,,,,,,,,,,,,,,,,,,,2.15,,,,3.8,3.0,14/12/2025,,,,,,,,,,,,,,,,,,,,,,,,,,,,,Ajax,,,,,,,,,,2.15,,,,,,,3.75,3.0,,2.6,1.55,2.16,1.9,1.95,,,,,,,,3.9,3.2,2.5,1.54,1.94,1.91,,,,,2.19,,,,3.91,2.95,,,,,,,,,,,,,,,,13:30,,,,,,,,,,,,,,,,,,,,,,,,,,,,,,,,,,,,,,,,,,,,,,,,,,,,,,,,,,,,,,,,,,,,,,,,,,,,,,N1
,,,,,,,,,,,,,-1.25,,,,,,,,2.57,1.45,6.89,1.95,1.79,,,,,,,,4.79,1.39,,Go Ahead Eagles,2.5,1.5,7.5,,1.95,1.85,,,,,,,,4.5,1.42,,,,,,,6.5,,,,4.6,1.36,2.64,1.52,8.2,,,,,,,,,,4.9,1.44,,7.0,,,,4.9,1.37,,,,7.0,,,,4.8,1.4,6.75,,,,5.0,1.41,,,,,,,,,,,,,,,,,,,7.0,,,,5.0,1.4,14/12/2025,,,,,,,,,,,,,,,,,,,,,,,,,,,,,Twente,,,,,,,,,,6.5,,,,,,,5.0,1.4,,2.65,1.5,7.5,2.02,1.85,,,,,,,,5.0,1.42,2.54,1.52,1.93,1.92,,,,,7.01,,,,4.63,1.43,,,,,,,,,,,,,,,,13:30,,,,,,,,,,,,,,,,,,,,,,,,,,,,,,,,,,,,,,,,,,,,,,,,,,,,,,,,,,,,,,,,,,,,,,,,,,,,,,N1
,,,,,,,,,,,,,0.0,,,,,,,,1.92,1.8,2.49,1.82,1.9,,,,,,,,3.4,2.66,,Utrecht,1.95,1.85,2.6,,1.85,1.95,,,,,,,,3.4,2.7,,,,,,,2.4,,,,3.2,2.63,2.02,1.86,2.58,,,,,,,,,,3.45,2.82,,2.43,,,,3.45,2.7,,,,2.5,,,,3.4,2.63,2.5,,,,3.5,2.7,,,,,,,,,,,,,,,,,,,2.5,,,,3.5,2.7,14/12/2025,,,,,,,,,,,,,,,,,,,,,,,,,,,,,NAC Breda,,,,,,,,,,2.45,,,,,,,3.5,2.7,,1.95,1.85,2.6,1.85,1.95,,,,,,,,3.5,2.72,1.97,1.86,1.9,1.95,,,,,2.59,,,,3.49,2.65,,,,,,,,,,,,,,,,15:45,,,,,,,,,,,,,,,,,,,,,,,,,,,,,,,,,,,,,,,,,,,,,,,,,,,,,,,,,,,,,,,,,,,,,,,,,,,,,,N1
,,,,,,,,,,,,,0.25,,,,,,,,1.47,2.51,2.13,1.73,1.93,,,,,,,,3.01,3.6,,Gil Vicente,1.48,2.6,2.15,,1.9,1.95,,,,,,,,2.95,3.5,,,,,,,2.15,,,,3.0,3.6,1.53,2.68,2.3,1.92,2.03,,,,,,,,3.1,4.0,,2.08,,,,3.05,3.8,,,,2.15,,,,3.0,3.4,2.1,,,,3.1,3.7,,,,,,,,,,,,,,,,,,,2.1,,,,3.2,3.75,13/12/2025,,,,,,,,,,,,,,,,,,,,,,,,,,,,,Casa Pia,,,,,,,,,,2.1,,,,,,,3.1,3.7,,1.5,2.6,2.2,1.9,1.98,,,,,,,,3.2,3.8,1.5,2.62,1.9,1.97,,,,,2.23,,,,3.06,3.64,,,,,,,,,,,,,,,,15:30,,,,,,,,,,,,,,,,,,,,,,,,,,,,,,,,,,,,,,,,,,,,,,,,,,,,,,,,,,,,,,,,,,,,,,,,,,,,,,P1
,,,,,,,,,,,,,-0.25,,,,,,,,1.67,2.09,3.11,1.78,1.92,,,,,,,,3.15,2.27,,Tondela,1.7,2.1,3.05,,1.83,2.03,,,,,,,,3.05,2.3,,,,,,,3.2,,,,3.1,2.25,1.78,2.2,3.35,1.92,2.06,,,,,,,,3.4,2.4,,3.2,,,,3.1,2.28,,,,3.0,,,,3.13,2.25,3.1,,,,3.3,2.25,,,,,,,,,,,,,,,,,,,3.1,,,,3.3,2.3,13/12/2025,,,,,,,,,,,,,,,,,,,,,,,,,,,,,Nacional,,,,,,,,,,3.1,,,,,,,3.3,2.25,,1.7,2.15,3.2,1.83,2.03,,,,,,,,3.3,2.33,1.73,2.13,1.85,2.02,,,,,3.2,,,,3.23,2.34,,,,,,,,,,,,,,,,15:30,,,,,,,,,,,,,,,,,,,,,,,,,,,,,,,,,,,,,,,,,,,,,,,,,,,,,,,,,,,,,,,,,,,,,,,,,,,,,,P1
,,,,,,,,,,,,,0.0,,,,,,,,1.71,2.02,2.55,1.84,1.9,,,,,,,,3.23,2.67,,Guimaraes,1.75,2.05,2.55,,1.88,1.98,,,,,,,,3.2,2.65,,,,,,,2.5,,,,3.1,2.75,1.8,2.16,2.66,1.89,2.02,,,,,,,,3.4,2.84,,2.55,,,,3.25,2.7,,,,2.5,,,,3.2,2.63,2.55,,,,3.25,2.7,,,,,,,,,,,,,,,,,,,2.6,,,,3.3,2.75,13/12/2025,,,,,,,,,,,,,,,,,,,,,,,,,,,,,Rio Ave,,,,,,,,,,2.6,,,,,,,3.25,2.7,,1.75,2.1,2.62,1.88,1.98,,,,,,,,3.4,2.78,1.81,2.07,1.89,1.98,,,,,2.58,,,,3.43,2.69,,,,,,,,,,,,,,,,18:00,,,,,,,,,,,,,,,,,,,,,,,,,,,,,,,,,,,,,,,,,,,,,,,,,,,,,,,,,,,,,,,,,,,,,,,,,,,,,,P1
,,,,,,,,,,,,,-2.75,,,,,,,,3.19,1.31,23.38,1.79,1.91,,,,,,,,9.83,1.07,,AVS,3.4,1.33,21.0,,1.85,2.0,,,,,,,,11.0,1.05,,,,,,,23.0,,,,9.5,1.07,3.65,1.32,40.0,1.9,1.98,,,,,,,,15.5,1.08,,23.0,,,,9.5,1.08,,,,22.0,,,,9.0,1.06,26.0,,,,11.0,1.08,,,,,,,,,,,,,,,,,,,26.0,,,,11.0,1.09,13/12/2025,,,,,,,,,,,,,,,,,,,,,,,,,,,,,Sp Lisbon,,,,,,,,,,26.0,,,,,,,11.0,1.08,,3.4,1.35,29.0,1.85,2.0,,,,,,,,12.0,1.09,3.44,1.29,1.87,1.97,,,,,24.89,,,,13.39,1.07,,,,,,,,,,,,,,,,20:30,,,,,,,,,,,,,,,,,,,,,,,,,,,,,,,,,,,,,,,,,,,,,,,,,,,,,,,,,,,,,,,,,,,,,,,,,,,,,,P1
,,,,,,,,,,,,,-0.5,,,,,,,,1.91,1.8,4.13,1.94,1.77,,,,,,,,3.58,1.8,,Estoril,1.98,1.88,4.33,,2.03,1.78,,,,,,,,3.6,1.76,,,,,,,4.2,,,,3.5,1.8,2.0,1.87,4.5,,,,,,,,,,3.7,1.85,,3.8,,,,3.65,1.88,,,,4.2,,,,3.5,1.75,4.1,,,,3.6,1.82,,,,,,,,,,,,,,,,,,,4.2,,,,3.6,1.83,14/12/2025,,,,,,,,,,,,,,,,,,,,,,,,,,,,,Famalicao,,,,,,,,,,4.2,,,,,,,3.6,1.83,,1.98,1.88,4.4,2.03,1.83,,,,,,,,3.75,1.88,1.99,1.85,2.07,1.78,,,,,4.45,,,,3.74,1.78,,,,,,,,,,,,,,,,15:30,,,,,,,,,,,,,,,,,,,,,,,,,,,,,,,,,,,,,,,,,,,,,,,,,,,,,,,,,,,,,,,,,,,,,,,,,,,,,,P1
,,,,,,,,,,,,,1.25,,,,,,,,1.91,1.8,1.34,1.76,1.94,,,,,,,,4.62,8.64,,Benfica,2.0,1.85,1.35,,1.85,2.0,,,,,,,,4.33,9.0,,,,,,,1.33,,,,4.6,9.0,2.06,1.84,1.35,,,,,,,,,,5.5,10.5,,1.33,,,,4.7,9.5,,,,1.33,,,,4.4,8.5,1.35,,,,4.8,8.5,,,,,,,,,,,,,,,,,,,1.36,,,,5.0,8.5,14/12/2025,,,,,,,,,,,,,,,,,,,,,,,,,,,,,Moreirense,,,,,,,,,,1.35,,,,,,,4.8,8.5,,2.0,1.85,1.38,1.85,2.0,,,,,,,,5.0,9.75,2.0,1.84,1.87,1.99,,,,,1.36,,,,4.93,8.34,,,,,,,,,,,,,,,,18:00,,,,,,,,,,,,,,,,,,,,,,,,,,,,,,,,,,,,,,,,,,,,,,,,,,,,,,,,,,,,,,,,,,,,,,,,,,,,,,P1
,,,,,,,,,,,,,0.0,,,,,,,,1.62,2.16,2.48,1.79,1.95,,,,,,,,3.17,2.79,,Alverca,1.65,2.2,2.55,,1.85,2.0,,,,,,,,3.2,2.7,,,,,,,2.5,,,,3.1,2.8,1.69,2.24,2.64,,,,,,,,,,3.2,2.96,,2.45,,,,3.2,2.88,,,,2.5,,,,3.1,2.7,2.4,,,,3.25,2.85,,,,,,,,,,,,,,,,,,,2.45,,,,3.3,2.87,14/12/2025,,,,,,,,,,,,,,,,,,,,,,,,,,,,,Arouca,,,,,,,,,,2.45,,,,,,,3.3,2.87,,1.65,2.2,2.58,1.85,2.0,,,,,,,,3.3,2.88,1.67,2.23,1.85,2.01,,,,,2.59,,,,3.27,2.8,,,,,,,,,,,,,,,,20:30,,,,,,,,,,,,,,,,,,,,,,,,,,,,,,,,,,,,,,,,,,,,,,,,,,,,,,,,,,,,,,,,,,,,,,,,,,,,,,P1
,,,,,,,,,,,,,-1.0,,,,,,,,1.63,2.16,6.74,1.89,1.83,,,,,,,,3.88,1.49,,Santa Clara,1.62,2.25,7.0,,1.9,1.95,,,,,,,,3.8,1.49,,,,,,,7.5,,,,3.75,1.44,,,8.4,,,,,,,,,,4.0,1.48,,6.75,,,,4.1,1.48,,,,6.5,,,,3.7,1.5,6.5,,,,4.0,1.5,,,,,,,,,,,,,,,,,,,6.5,,,,4.0,1.53,15/12/2025,,,,,,,,,,,,,,,,,,,,,,,,,,,,,Sp Braga,,,,,,,,,,6.5,,,,,,,4.0,1.5,,1.7,2.25,7.5,1.93,1.95,,,,,,,,4.1,1.53,1.63,2.31,1.91,1.94,,,,,7.26,,,,3.88,1.51,,,,,,,,,,,,,,,,18:45,,,,,,,,,,,,,,,,,,,,,,,,,,,,,,,,,,,,,,,,,,,,,,,,,,,,,,,,,,,,,,,,,,,,,,,,,,,,,,P1
,,,,,,,,,,,,,-2.0,,,,,,,,2.22,1.59,14.34,1.74,1.98,,,,,,,,6.24,1.18,,Estrela,2.3,1.6,15.0,,1.8,2.05,,,,,,,,5.75,1.15,,,,,,,15.0,,,,6.0,1.18,,,19.0,,,,,,,,,,7.2,1.2,,14.0,,,,6.0,1.2,,,,15.0,,,,6.0,1.17,13.5,,,,6.75,1.19,,,,,,,,,,,,,,,,,,,15.0,,,,7.0,1.2,15/12/2025,,,,,,,,,,,,,,,,,,,,,,,,,,,,,Porto,,,,,,,,,,13.0,,,,,,,7.0,1.2,,2.3,1.66,18.0,1.83,2.05,,,,,,,,7.0,1.2,2.31,1.61,1.75,2.09,,,,,13.15,,,,7.05,1.19,,,,,,,,,,,,,,,,20:45,,,,,,,,,,,,,,,,,,,,,,,,,,,,,,,,,,,,,,,,,,,,,,,,,,,,,,,,,,,,,,,,,,,,,,,,,,,,,,P1
,,,,,,,,,,,,,0.25,,,,,,,,1.85,1.86,2.36,1.96,1.72,,,,,,,,3.31,2.86,,Motherwell,1.95,1.9,2.3,,2.05,1.8,,,,,,,,3.4,2.82,,,,,,,2.38,,,,3.3,3.0,1.97,1.87,2.4,2.07,1.82,,,,,,,,3.5,3.0,,2.48,,,,3.25,2.8,,,,2.3,,,,3.3,2.88,2.3,,,,3.4,2.87,,,,,,,,,,,,,,,,,,,2.37,,,,3.5,2.9,13/12/2025,,,,,,,,,,,,,,,,,,,,,,,,,,,,,Dundee United,,,,,,,,,,2.3,,,,,,,3.4,2.9,,1.95,1.91,2.48,2.05,1.8,,,,,,,,3.5,3.0,,,,,,,,,,,,,,,D Nicolson,,,,,,,,,,,,,,,15:00,,,,,,,,,,,,,,,,,,,,,,,,,,,,,,,,,,,,,,,,,,,,,,,,,,,,,,,,,,,,,,,,,,,,,,,,,,,,,,SC0
,,,,,,,,,,,,,-0.5,,,,,,,,1.82,1.91,3.97,1.87,1.83,,,,,,,,3.48,1.88,,Dundee,1.93,1.93,4.1,,1.98,1.88,,,,,,,,3.6,1.81,,,,,,,4.0,,,,3.5,1.9,1.92,1.92,4.2,2.01,1.97,,,,,,,,3.65,1.97,,3.9,,,,3.35,1.95,,,,3.9,,,,3.5,1.83,3.9,,,,3.5,1.88,,,,,,,,,,,,,,,,,,,4.0,,,,3.5,1.91,13/12/2025,,,,,,,,,,,,,,,,,,,,,,,,,,,,,Livingston,,,,,,,,,,4.0,,,,,,,3.5,1.91,,1.93,2.0,4.3,1.98,1.88,,,,,,,,3.6,1.95,,,,,,,,,,,,,,,D McFarlane,,,,,,,,,,,,,,,15:00,,,,,,,,,,,,,,,,,,,,,,,,,,,,,,,,,,,,,,,,,,,,,,,,,,,,,,,,,,,,,,,,,,,,,,,,,,,,,,SC0
,,,,,,,,,,,,,0.5,,,,,,,,1.87,1.85,1.81,1.78,1.94,,,,,,,,3.56,4.17,,Hearts,1.91,1.91,1.76,,1.83,2.03,,,,,,,,3.6,4.33,,,,,,,1.83,,,,3.6,4.2,1.96,1.87,1.86,1.86,2.08,,,,,,,,3.65,4.4,,1.85,,,,3.55,4.1,,,,1.8,,,,3.5,4.1,1.8,,,,3.6,4.1,,,,,,,,,,,,,,,,,,,1.83,,,,3.7,4.2,13/12/2025,,,,,,,,,,,,,,,,,,,,,,,,,,,,,Falkirk,,,,,,,,,,1.83,,,,,,,3.7,4.2,,1.91,1.91,1.85,1.83,2.03,,,,,,,,3.7,4.35,,,,,,,,,,,,,,,C Scott,,,,,,,,,,,,,,,20:00,,,,,,,,,,,,,,,,,,,,,,,,,,,,,,,,,,,,,,,,,,,,,,,,,,,,,,,,,,,,,,,,,,,,,,,,,,,,,,SC0
,,,,,,,,,,,,,-0.75,,,,,,,,1.82,1.9,4.5,1.76,1.94,,,,,,,,3.53,1.76,,Kilmarnock,1.93,1.93,4.75,,1.85,2.0,,,,,,,,3.5,1.71,,,,,,,4.5,,,,3.6,1.8,1.9,1.9,4.6,,,,,,,,,,3.7,1.8,,4.5,,,,3.5,1.79,,,,4.4,,,,3.5,1.73,4.4,,,,3.5,1.77,,,,,,,,,,,,,,,,,,,4.5,,,,3.6,1.8,14/12/2025,,,,,,,,,,,,,,,,,,,,,,,,,,,,,Aberdeen,,,,,,,,,,4.5,,,,,,,3.6,1.8,,1.93,2.0,4.9,1.85,2.0,,,,,,,,3.6,1.8,,,,,,,,,,,,,,,R Hardie,,,,,,,,,,,,,,,15:00,,,,,,,,,,,,,,,,,,,,,,,,,,,,,,,,,,,,,,,,,,,,,,,,,,,,,,,,,,,,,,,,,,,,,,,,,,,,,,SC0
,,,,,,,,,,,,,-0.5,,,,,,,,1.91,1.81,3.94,1.89,1.82,,,,,,,,3.57,1.85,,Hibernian,2.0,1.85,4.0,,1.98,1.88,,,,,,,,3.6,1.81,,,,,,,4.0,,,,3.6,1.9,1.98,1.7,4.2,1.99,1.89,,,,,,,,3.65,1.89,,3.9,,,,3.5,1.9,,,,3.9,,,,3.5,1.83,3.9,,,,3.6,1.85,,,,,,,,,,,,,,,,,,,4.0,,,,3.7,1.85,15/12/2025,,,,,,,,,,,,,,,,,,,,,,,,,,,,,Rangers,,,,,,,,,,3.9,,,,,,,3.7,1.85,,2.0,1.88,4.2,1.98,1.88,,,,,,,,3.7,1.9,,,,,,,,,,,,,,,D Robertson,,,,,,,,,,,,,,,19:45,,,,,,,,,,,,,,,,,,,,,,,,,,,,,,,,,,,,,,,,,,,,,,,,,,,,,,,,,,,,,,,,,,,,,,,,,,,,,,SC0
,,,,,,,,,,,,,0.25,,,,,,,,1.87,1.82,2.03,1.78,1.94,,,,,,,,3.36,3.23,,St Johnstone,1.98,1.83,1.95,,1.78,2.03,,,,,,,,3.4,3.25,,,,,,,2.0,,,,3.25,3.3,2.04,1.9,2.12,1.85,2.09,,,,,,,,3.55,3.55,,2.16,,,,3.3,3.15,,,,2.0,,,,3.4,3.3,2.0,,,,3.4,3.1,,,,,,,,,,,,,,,,,,,2.0,,,,3.4,3.1,12/12/2025,,,,,,,,,,,,,,,,,,,,,,,,,,,,,Ayr,,,,,,,,,,2.0,,,,,,,3.4,3.1,,1.98,2.0,2.16,1.83,2.05,,,,,,,,3.6,3.4,,,,,,,,,,,,,,,C Steven,,,,,,,,,,,,,,,19:45,,,,,,,,,,,,,,,,,,,,,,,,,,,,,,,,,,,,,,,,,,,,,,,,,,,,,,,,,,,,,,,,,,,,,,,,,,,,,,SC1
,,,,,,,,,,,,,0.25,,,,,,,,1.73,1.99,2.04,1.74,1.95,,,,,,,,3.25,3.29,,Partick,1.75,2.05,2.05,,1.83,1.98,,,,,,,,3.2,3.3,,,,,,,2.1,,,,3.1,3.3,1.64,2.0,2.16,1.87,2.01,,,,,,,,3.2,3.5,,1.98,,,,3.25,3.5,,,,2.05,,,,3.3,3.3,2.0,,,,3.25,3.2,,,,,,,,,,,,,,,,,,,2.0,,,,3.25,3.2,13/12/2025,,,,,,,,,,,,,,,,,,,,,,,,,,,,,Arbroath,,,,,,,,,,2.0,,,,,,,3.25,3.2,,1.78,2.1,2.12,1.83,1.98,,,,,,,,3.4,3.5,,,,,,,,,,,,,,,R Lee,,,,,,,,,,,,,,,15:00,,,,,,,,,,,,,,,,,,,,,,,,,,,,,,,,,,,,,,,,,,,,,,,,,,,,,,,,,,,,,,,,,,,,,,,,,,,,,,SC1
,,,,,,,,,,,,,-0.5,,,,,,,,1.64,2.12,3.61,1.77,1.92,,,,,,,,3.19,1.96,,Airdrie Utd,1.67,2.15,3.6,,1.8,2.0,,,,,,,,3.1,1.95,,,,,,,3.75,,,,3.1,1.95,1.67,2.2,3.65,1.8,2.12,,,,,,,,3.1,2.12,,3.9,,,,3.35,1.88,,,,3.6,,,,3.13,2.0,3.5,,,,3.2,1.9,,,,,,,,,,,,,,,,,,,3.5,,,,3.2,1.91,13/12/2025,,,,,,,,,,,,,,,,,,,,,,,,,,,,,Morton,,,,,,,,,,3.5,,,,,,,3.2,1.91,,1.68,2.2,3.9,1.85,2.05,,,,,,,,3.35,2.1,,,,,,,,,,,,,,,C Graham,,,,,,,,,,,,,,,15:00,,,,,,,,,,,,,,,,,,,,,,,,,,,,,,,,,,,,,,,,,,,,,,,,,,,,,,,,,,,,,,,,,,,,,,,,,,,,,,SC1
,,,,,,,,,,,,,0.5,,,,,,,,1.66,2.11,1.77,1.76,1.93,,,,,,,,3.34,4.19,,Dunfermline,1.7,2.1,1.73,,1.8,2.0,,,,,,,,3.3,4.2,,,,,,,1.8,,,,3.25,4.2,1.74,2.1,1.83,1.83,2.02,,,,,,,,3.35,4.6,,1.82,,,,3.3,4.3,,,,1.8,,,,3.3,4.2,1.73,,,,3.4,4.0,,,,,,,,,,,,,,,,,,,1.75,,,,3.4,4.0,13/12/2025,,,,,,,,,,,,,,,,,,,,,,,,,,,,,Queens Park,,,,,,,,,,1.75,,,,,,,3.4,4.0,,1.7,2.25,1.82,1.8,2.0,,,,,,,,3.5,4.4,,,,,,,,,,,,,,,I Snedden,,,,,,,,,,,,,,,15:00,,,,,,,,,,,,,,,,,,,,,,,,,,,,,,,,,,,,,,,,,,,,,,,,,,,,,,,,,,,,,,,,,,,,,,,,,,,,,,SC1
,,,,,,,,,,,,,-0.5,,,,,,,,1.73,2.0,3.48,1.75,1.94,,,,,,,,3.27,1.97,,Ross County,1.83,1.98,3.5,,1.85,1.95,,,,,,,,3.5,1.9,,,,,,,3.6,,,,3.2,1.95,1.84,1.98,3.75,1.86,2.04,,,,,,,,3.55,2.04,,3.45,,,,3.1,2.1,,,,3.6,,,,3.4,1.93,3.3,,,,3.25,1.95,,,,,,,,,,,,,,,,,,,3.3,,,,3.25,1.95,13/12/2025,,,,,,,,,,,,,,,,,,,,,,,,,,,,,Raith Rvs,,,,,,,,,,3.3,,,,,,,3.25,1.95,,1.83,2.15,3.6,1.85,2.02,,,,,,,,3.5,2.1,,,,,,,,,,,,,,,M MacDermid,,,,,,,,,,,,,,,15:00,,,,,,,,,,,,,,,,,,,,,,,,,,,,,,,,,,,,,,,,,,,,,,,,,,,,,,,,,,,,,,,,,,,,,,,,,,,,,,SC1
,,,,,,,,,,,,,-0.5,,,,,,,,1.79,1.89,3.65,1.82,1.83,,,,,,,,3.34,1.86,,Queen of Sth,1.85,1.95,3.8,,1.9,1.9,,,,,,,,3.3,1.85,,,,,,,3.6,,,,3.25,1.9,1.91,1.9,3.75,1.86,1.94,,,,,,,,3.4,1.94,,,,,,,,,,,3.8,,,,3.4,1.85,3.7,,,,3.3,1.83,,,,,,,,,,,,,,,,,,,3.7,,,,3.3,1.85,13/12/2025,,,,,,,,,,,,,,,,,,,,,,,,,,,,,Alloa,,,,,,,,,,3.7,,,,,,,3.3,1.85,,1.85,1.95,3.85,1.9,1.9,,,,,,,,3.5,1.91,,,,,,,,,,,,,,,L Hogarth,,,,,,,,,,,,,,,15:00,,,,,,,,,,,,,,,,,,,,,,,,,,,,,,,,,,,,,,,,,,,,,,,,,,,,,,,,,,,,,,,,,,,,,,,,,,,,,,SC2
,,,,,,,,,,,,,0.0,,,,,,,,1.87,1.8,2.51,1.86,1.79,,,,,,,,3.27,2.45,,East Fife,1.95,1.85,2.55,,1.93,1.88,,,,,,,,3.3,2.5,,,,,,,2.5,,,,3.2,2.5,1.92,1.87,2.72,1.99,1.89,,,,,,,,3.45,2.6,,,,,,,,,,,2.55,,,,3.3,2.5,2.5,,,,3.25,2.4,,,,,,,,,,,,,,,,,,,2.5,,,,3.25,2.45,13/12/2025,,,,,,,,,,,,,,,,,,,,,,,,,,,,,Cove Rangers,,,,,,,,,,2.5,,,,,,,3.25,2.45,,1.95,1.9,2.55,1.93,1.88,,,,,,,,3.4,2.5,,,,,,,,,,,,,,,J Hay,,,,,,,,,,,,,,,15:00,,,,,,,,,,,,,,,,,,,,,,,,,,,,,,,,,,,,,,,,,,,,,,,,,,,,,,,,,,,,,,,,,,,,,,,,,,,,,,SC2
,,,,,,,,,,,,,-0.75,,,,,,,,1.66,2.05,4.7,1.8,1.83,,,,,,,,3.36,1.66,,Hamilton,1.7,2.1,5.0,,1.9,1.9,,,,,,,,3.2,1.67,,,,,,,5.0,,,,3.4,1.62,1.71,2.08,5.3,1.88,1.88,,,,,,,,3.2,1.68,,,,,,,,,,,5.0,,,,3.5,1.65,4.5,,,,3.4,1.65,,,,,,,,,,,,,,,,,,,4.5,,,,3.4,1.67,13/12/2025,,,,,,,,,,,,,,,,,,,,,,,,,,,,,Inverness C,,,,,,,,,,4.5,,,,,,,3.4,1.67,,1.7,2.1,5.1,1.9,1.9,,,,,,,,3.5,1.7,,,,,,,,,,,,,,,G Irvine,,,,,,,,,,,,,,,15:00,,,,,,,,,,,,,,,,,,,,,,,,,,,,,,,,,,,,,,,,,,,,,,,,,,,,,,,,,,,,,,,,,,,,,,,,,,,,,,SC2
,,,,,,,,,,,,,0.25,,,,,,,,1.91,1.76,2.22,1.9,1.75,,,,,,,,3.23,2.83,,Stenhousemuir,2.0,1.8,2.2,,1.98,1.83,,,,,,,,3.5,2.75,,,,,,,2.25,,,,3.2,2.8,1.98,1.81,2.32,2.02,1.81,,,,,,,,3.4,2.96,,,,,,,,,,,2.25,,,,3.3,2.88,2.2,,,,3.25,2.75,,,,,,,,,,,,,,,,,,,2.2,,,,3.25,2.75,13/12/2025,,,,,,,,,,,,,,,,,,,,,,,,,,,,,Montrose,,,,,,,,,,2.2,,,,,,,3.25,2.75,,2.0,1.8,2.3,1.98,1.83,,,,,,,,3.5,3.0,,,,,,,,,,,,,,,E Anderson,,,,,,,,,,,,,,,15:00,,,,,,,,,,,,,,,,,,,,,,,,,,,,,,,,,,,,,,,,,,,,,,,,,,,,,,,,,,,,,,,,,,,,,,,,,,,,,,SC2
,,,,,,,,,,,,,-0.75,,,,,,,,2.18,1.59,4.17,1.85,1.78,,,,,,,,3.86,1.64,,Kelty Hearts,2.25,1.62,4.2,,1.95,1.85,,,,,,,,3.9,1.65,,,,,,,4.33,,,,3.75,1.62,2.14,1.59,4.1,1.88,1.93,,,,,,,,3.9,1.74,,,,,,,,,,,4.5,,,,3.75,1.65,4.2,,,,3.8,1.63,,,,,,,,,,,,,,,,,,,4.2,,,,3.8,1.65,13/12/2025,,,,,,,,,,,,,,,,,,,,,,,,,,,,,Peterhead,,,,,,,,,,4.2,,,,,,,3.8,1.65,,2.25,1.62,4.5,1.95,1.85,,,,,,,,4.33,1.65,,,,,,,,,,,,,,,G Soutar,,,,,,,,,,,,,,,15:00,,,,,,,,,,,,,,,,,,,,,,,,,,,,,,,,,,,,,,,,,,,,,,,,,,,,,,,,,,,,,,,,,,,,,,,,,,,,,,SC2
,,,,,,,,,,,,,-0.25,,,,,,,,2.05,1.66,2.93,1.82,1.82,,,,,,,,3.31,2.11,,Forfar,2.1,1.7,2.9,,1.9,1.9,,,,,,,,3.4,2.1,,,,,,,2.88,,,,3.3,2.15,2.12,1.7,3.05,1.89,1.86,,,,,,,,3.2,2.14,,,,,,,,,,,2.9,,,,3.4,2.15,2.9,,,,3.3,2.1,,,,,,,,,,,,,,,,,,,2.9,,,,3.3,2.1,13/12/2025,,,,,,,,,,,,,,,,,,,,,,,,,,,,,Annan Athletic,,,,,,,,,,2.9,,,,,,,3.3,2.1,,2.1,1.7,3.1,1.9,1.9,,,,,,,,3.4,2.15,,,,,,,,,,,,,,,A Grieve,,,,,,,,,,,,,,,15:00,,,,,,,,,,,,,,,,,,,,,,,,,,,,,,,,,,,,,,,,,,,,,,,,,,,,,,,,,,,,,,,,,,,,,,,,,,,,,,SC3
,,,,,,,,,,,,,0.75,,,,,,,,2.32,1.51,1.68,1.82,1.82,,,,,,,,3.8,3.92,,East Kilbride,2.38,1.53,1.67,,1.9,1.9,,,,,,,,3.8,3.9,,,,,,,1.7,,,,3.75,4.0,2.48,1.54,1.69,1.88,1.92,,,,,,,,3.85,4.1,,,,,,,,,,,1.67,,,,3.9,4.1,1.71,,,,3.7,3.75,,,,,,,,,,,,,,,,,,,1.73,,,,3.7,3.75,13/12/2025,,,,,,,,,,,,,,,,,,,,,,,,,,,,,Dumbarton,,,,,,,,,,1.73,,,,,,,3.7,3.75,,2.4,1.54,1.73,1.9,1.9,,,,,,,,4.0,4.2,,,,,,,,,,,,,,,J Wilkie,,,,,,,,,,,,,,,15:00,,,,,,,,,,,,,,,,,,,,,,,,,,,,,,,,,,,,,,,,,,,,,,,,,,,,,,,,,,,,,,,,,,,,,,,,,,,,,,SC3
,,,,,,,,,,,,,0.0,,,,,,,,2.1,1.62,2.59,1.95,1.72,,,,,,,,3.41,2.3,,Clyde,2.15,1.67,2.55,,2.03,1.78,,,,,,,,3.4,2.35,,,,,,,2.63,,,,3.3,2.38,2.2,1.66,2.66,2.01,1.79,,,,,,,,3.2,2.36,,,,,,,,,,,2.63,,,,3.5,2.3,2.55,,,,3.4,2.25,,,,,,,,,,,,,,,,,,,2.6,,,,3.4,2.25,13/12/2025,,,,,,,,,,,,,,,,,,,,,,,,,,,,,Edinburgh City,,,,,,,,,,2.6,,,,,,,3.4,2.25,,2.15,1.67,2.63,2.03,1.78,,,,,,,,3.6,2.38,,,,,,,,,,,,,,,S Murdoch,,,,,,,,,,,,,,,15:00,,,,,,,,,,,,,,,,,,,,,,,,,,,,,,,,,,,,,,,,,,,,,,,,,,,,,,,,,,,,,,,,,,,,,,,,,,,,,,SC3
,,,,,,,,,,,,,-0.5,,,,,,,,1.89,1.78,3.85,1.93,1.73,,,,,,,,3.52,1.75,,Stranraer,1.95,1.85,3.9,,2.0,1.8,,,,,,,,3.5,1.75,,,,,,,4.0,,,,3.4,1.8,1.93,1.84,3.75,1.95,1.87,,,,,,,,3.4,1.87,,,,,,,,,,,4.0,,,,3.5,1.75,3.8,,,,3.5,1.73,,,,,,,,,,,,,,,,,,,3.8,,,,3.5,1.75,13/12/2025,,,,,,,,,,,,,,,,,,,,,,,,,,,,,Elgin,,,,,,,,,,3.8,,,,,,,3.5,1.75,,1.95,1.85,4.0,2.0,1.8,,,,,,,,3.75,1.8,,,,,,,,,,,,,,,G Duncan,,,,,,,,,,,,,,,15:00,,,,,,,,,,,,,,,,,,,,,,,,,,,,,,,,,,,,,,,,,,,,,,,,,,,,,,,,,,,,,,,,,,,,,,,,,,,,,,SC3
,,,,,,,,,,,,,0.75,,,,,,,,1.81,1.86,1.68,1.84,1.8,,,,,,,,3.5,4.37,,Spartans,1.9,1.9,1.67,,1.9,1.9,,,,,,,,3.6,4.33,,,,,,,1.7,,,,3.4,4.5,1.89,1.77,1.71,1.91,1.86,,,,,,,,3.2,4.4,,,,,,,,,,,1.67,,,,3.6,4.5,1.68,,,,3.5,4.33,,,,,,,,,,,,,,,,,,,1.67,,,,3.5,4.2,13/12/2025,,,,,,,,,,,,,,,,,,,,,,,,,,,,,Stirling,,,,,,,,,,1.67,,,,,,,3.5,4.2,,1.9,1.93,1.73,1.9,1.9,,,,,,,,3.6,4.5,,,,,,,,,,,,,,,S Luke,,,,,,,,,,,,,,,15:00,,,,,,,,,,,,,,,,,,,,,,,,,,,,,,,,,,,,,,,,,,,,,,,,,,,,,,,,,,,,,,,,,,,,,,,,,,,,,,SC3
,,,,,,,,,,,,,-0.75,,,,,,,,1.87,1.88,4.73,1.87,1.9,,,,,,,,3.73,1.72,,Girona,1.88,1.98,4.5,,1.88,1.98,,,,,,,,3.9,1.75,,,,,,,5.0,,,,3.6,1.73,1.95,2.04,5.1,1.93,2.05,,,,,,,,3.9,1.81,,5.1,,,,3.8,1.7,,,,4.8,,,,3.75,1.73,4.5,,,,3.75,1.75,,,,,,,,,,,,,,,,,,,4.5,,,,3.75,1.75,12/12/2025,,,,,,,,,,,,,,,,,,,,,,,,,,,,,Sociedad,,,,,,,,,,4.5,,,,,,,3.7,1.75,,1.94,1.98,5.1,1.92,1.98,,,,,,,,3.9,1.75,1.91,1.99,1.92,2.01,,,,,4.86,,,,3.83,1.78,,,,,,,,,,,,,,,,20:00,,,,,,,,,,,,,,,,,,,,,,,,,,,,,,,,,,,,,,,,,,,,,,,,,,,,,,,,,,,,,,,,,,,,,,,,,,,,,,SP1
,,,,,,,,,,,,,-1.5,,,,,,,,2.08,1.7,10.58,1.85,1.88,,,,,,,,5.21,1.29,,Valencia,2.1,1.73,11.0,,1.93,1.93,,,,,,,,5.0,1.3,,,,,,,11.0,,,,5.0,1.29,2.2,1.79,12.0,1.99,1.97,,,,,,,,5.8,1.32,,11.5,,,,5.6,1.27,,,,11.0,,,,5.25,1.29,9.75,,,,5.5,1.31,,,,,,,,,,,,,,,,,,,9.5,,,,5.5,1.3,13/12/2025,,,,,,,,,,,,,,,,,,,,,,,,,,,,,Ath Madrid,,,,,,,,,,9.5,,,,,,,5.25,1.3,,2.14,1.75,11.5,1.93,1.95,,,,,,,,5.6,1.33,2.11,1.78,1.93,1.97,,,,,11.34,,,,5.0,1.33,,,,,,,,,,,,,,,,13:00,,,,,,,,,,,,,,,,,,,,,,,,,,,,,,,,,,,,,,,,,,,,,,,,,,,,,,,,,,,,,,,,,,,,,,,,,,,,,,SP1
,,,,,,,,,,,,,-0.25,,,,,,,,1.57,2.3,3.1,1.76,2.01,,,,,,,,3.07,2.42,,Elche,1.57,2.38,3.1,,1.78,2.1,,,,,,,,3.1,2.45,,,,,,,3.1,,,,3.1,2.4,1.64,2.48,3.3,1.83,2.16,,,,,,,,3.2,2.56,,3.2,,,,3.15,2.38,,,,3.1,,,,3.13,2.4,3.0,,,,3.1,2.45,,,,,,,,,,,,,,,,,,,3.0,,,,3.1,2.45,13/12/2025,,,,,,,,,,,,,,,,,,,,,,,,,,,,,Mallorca,,,,,,,,,,3.0,,,,,,,3.1,2.45,,1.62,2.38,3.2,1.81,2.1,,,,,,,,3.15,2.5,1.6,2.45,1.8,2.13,,,,,3.22,,,,3.09,2.51,,,,,,,,,,,,,,,,15:15,,,,,,,,,,,,,,,,,,,,,,,,,,,,,,,,,,,,,,,,,,,,,,,,,,,,,,,,,,,,,,,,,,,,,,,,,,,,,,SP1
,,,,,,,,,,,,,-2.25,,,,,,,,3.87,1.23,11.63,1.77,1.99,,,,,,,,7.34,1.2,,Osasuna,4.0,1.25,12.0,,1.78,2.03,,,,,,,,7.0,1.2,,,,,,,12.0,,,,7.0,1.2,4.3,1.28,14.5,1.86,2.1,,,,,,,,8.6,1.22,,13.0,,,,8.0,1.18,,,,13.0,,,,7.5,1.18,11.5,,,,7.75,1.2,,,,,,,,,,,,,,,,,,,11.0,,,,8.0,1.2,13/12/2025,,,,,,,,,,,,,,,,,,,,,,,,,,,,,Barcelona,,,,,,,,,,11.0,,,,,,,7.5,1.2,,4.0,1.25,13.0,1.84,2.03,,,,,,,,8.0,1.22,3.43,1.3,1.79,2.1,,,,,12.01,,,,6.97,1.22,,,,,,,,,,,,,,,,17:30,,,,,,,,,,,,,,,,,,,,,,,,,,,,,,,,,,,,,,,,,,,,,,,,,,,,,,,,,,,,,,,,,,,,,,,,,,,,,,SP1
,,,,,,,,,,,,,-0.25,,,,,,,,1.36,3.01,3.18,1.72,2.07,,,,,,,,2.85,2.52,,Espanol,1.36,3.2,3.25,,1.75,2.13,,,,,,,,2.8,2.5,,,,,,,3.25,,,,2.75,2.6,1.42,3.25,3.45,1.8,2.22,,,,,,,,2.94,2.68,,3.2,,,,2.95,2.5,,,,3.25,,,,2.88,2.5,3.1,,,,2.9,2.5,,,,,,,,,,,,,,,,,,,3.1,,,,2.9,2.5,13/12/2025,,,,,,,,,,,,,,,,,,,,,,,,,,,,,Getafe,,,,,,,,,,3.1,,,,,,,2.87,2.5,,1.38,3.2,3.25,1.75,2.13,,,,,,,,2.95,2.6,1.37,3.16,1.76,2.18,,,,,3.29,,,,2.89,2.61,,,,,,,,,,,,,,,,20:00,,,,,,,,,,,,,,,,,,,,,,,,,,,,,,,,,,,,,,,,,,,,,,,,,,,,,,,,,,,,,,,,,,,,,,,,,,,,,,SP1
,,,,,,,,,,,,,-0.5,,,,,,,,1.64,2.18,4.3,1.87,1.86,,,,,,,,3.32,1.88,,Oviedo,1.67,2.2,4.2,,1.93,1.93,,,,,,,,3.4,1.91,,,,,,,4.33,,,,3.3,1.9,1.7,2.38,4.7,1.98,2.0,,,,,,,,3.4,2.0,,4.7,,,,3.45,1.82,,,,4.0,,,,3.25,1.87,4.1,,,,3.4,1.93,,,,,,,,,,,,,,,,,,,4.2,,,,3.4,1.91,14/12/2025,,,,,,,,,,,,,,,,,,,,,,,,,,,,,Sevilla,,,,,,,,,,4.0,,,,,,,3.4,1.91,,1.67,2.2,4.7,1.93,1.93,,,,,,,,3.45,1.93,1.68,2.28,1.96,1.94,,,,,4.65,,,,3.29,1.93,,,,,,,,,,,,,,,,13:00,,,,,,,,,,,,,,,,,,,,,,,,,,,,,,,,,,,,,,,,,,,,,,,,,,,,,,,,,,,,,,,,,,,,,,,,,,,,,,SP1
,,,,,,,,,,,,,0.0,,,,,,,,1.67,2.13,2.75,1.91,1.83,,,,,,,,3.14,2.6,,Ath Bilbao,1.73,2.1,2.75,,1.95,1.9,,,,,,,,3.25,2.63,,,,,,,2.8,,,,3.1,2.6,1.76,2.24,2.86,1.98,1.99,,,,,,,,3.25,2.86,,2.88,,,,3.15,2.6,,,,2.63,,,,3.1,2.55,2.75,,,,3.2,2.6,,,,,,,,,,,,,,,,,,,2.75,,,,3.25,2.6,14/12/2025,,,,,,,,,,,,,,,,,,,,,,,,,,,,,Celta,,,,,,,,,,2.75,,,,,,,3.2,2.6,,1.73,2.23,2.88,1.95,1.9,,,,,,,,3.25,2.7,1.73,2.19,1.97,1.93,,,,,2.78,,,,3.25,2.74,,,,,,,,,,,,,,,,15:15,,,,,,,,,,,,,,,,,,,,,,,,,,,,,,,,,,,,,,,,,,,,,,,,,,,,,,,,,,,,,,,,,,,,,,,,,,,,,,SP1
,,,,,,,,,,,,,0.75,,,,,,,,2.28,1.58,1.67,1.85,1.92,,,,,,,,4.17,4.38,,Villarreal,2.3,1.62,1.67,,1.88,1.98,,,,,,,,4.33,4.33,,,,,,,1.7,,,,4.0,4.5,2.48,1.64,1.71,1.89,2.07,,,,,,,,4.6,4.8,,1.71,,,,4.2,4.35,,,,1.65,,,,3.9,4.33,1.68,,,,4.33,4.4,,,,,,,,,,,,,,,,,,,1.67,,,,4.33,4.4,14/12/2025,,,,,,,,,,,,,,,,,,,,,,,,,,,,,Levante,,,,,,,,,,1.67,,,,,,,4.2,4.4,,2.35,1.62,1.71,1.89,1.98,,,,,,,,4.33,4.55,2.43,1.6,1.88,2.02,,,,,1.68,,,,4.49,4.53,,,,,,,,,,,,,,,,17:30,,,,,,,,,,,,,,,,,,,,,,,,,,,,,,,,,,,,,,,,,,,,,,,,,,,,,,,,,,,,,,,,,,,,,,,,,,,,,,SP1
,,,,,,,,,,,,,1.0,,,,,,,,2.05,1.71,1.6,1.99,1.78,,,,,,,,3.94,5.4,,Real Madrid,2.1,1.73,1.6,,2.05,1.8,,,,,,,,4.0,5.5,,,,,,,1.6,,,,4.0,5.5,2.16,1.84,1.65,2.1,1.86,,,,,,,,4.1,6.0,,1.58,,,,4.2,5.6,,,,1.57,,,,3.9,5.0,1.62,,,,4.0,5.25,,,,,,,,,,,,,,,,,,,1.61,,,,4.0,5.25,14/12/2025,,,,,,,,,,,,,,,,,,,,,,,,,,,,,Alaves,,,,,,,,,,1.61,,,,,,,4.0,5.25,,2.1,1.76,1.64,2.05,1.81,,,,,,,,4.2,5.75,2.1,1.79,2.11,1.82,,,,,1.63,,,,3.88,6.0,,,,,,,,,,,,,,,,20:00,,,,,,,,,,,,,,,,,,,,,,,,,,,,,,,,,,,,,,,,,,,,,,,,,,,,,,,,,,,,,,,,,,,,,,,,,,,,,,SP1
,,,,,,,,,,,,,0.0,,,,,,,,1.83,1.92,2.69,1.93,1.82,,,,,,,,3.35,2.52,,Betis,1.9,1.95,2.75,,1.98,1.88,,,,,,,,3.4,2.55,,,,,,,2.75,,,,3.25,2.6,1.96,1.97,2.8,1.98,1.96,,,,,,,,3.35,2.74,,2.7,,,,3.5,2.55,,,,2.6,,,,3.25,2.5,2.7,,,,3.4,2.55,,,,,,,,,,,,,,,,,,,2.7,,,,3.4,2.5,15/12/2025,,,,,,,,,,,,,,,,,,,,,,,,,,,,,Vallecano,,,,,,,,,,2.7,,,,,,,3.3,2.5,,1.91,1.95,2.75,1.98,1.88,,,,,,,,3.5,2.6,1.91,1.98,1.97,1.93,,,,,2.71,,,,3.48,2.65,,,,,,,,,,,,,,,,20:00,,,,,,,,,,,,,,,,,,,,,,,,,,,,,,,,,,,,,,,,,,,,,,,,,,,,,,,,,,,,,,,,,,,,,,,,,,,,,,SP1
,,,,,,,,,,,,,-0.25,,,,,,,,1.49,2.45,3.17,1.75,1.95,,,,,,,,2.9,2.33,,Huesca,1.5,2.5,3.4,,1.83,1.98,,,,,,,,2.82,2.3,,,,,,,3.2,,,,3.0,2.3,1.56,2.68,3.65,1.94,2.03,,,,,,,,3.05,2.42,,3.0,,,,3.0,2.38,,,,3.13,,,,2.9,2.3,3.0,,,,2.9,2.35,,,,,,,,,,,,,,,,,,,3.0,,,,2.87,2.3,12/12/2025,,,,,,,,,,,,,,,,,,,,,,,,,,,,,Cultural Leonesa,,,,,,,,,,3.0,,,,,,,2.87,2.3,,1.53,2.6,3.5,1.83,1.98,,,,,,,,3.0,2.5,1.52,2.64,1.92,1.99,,,,,3.66,,,,2.96,2.36,,,,,,,,,,,,,,,,19:30,,,,,,,,,,,,,,,,,,,,,,,,,,,,,,,,,,,,,,,,,,,,,,,,,,,,,,,,,,,,,,,,,,,,,,,,,,,,,,SP2
,,,,,,,,,,,,,-0.5,,,,,,,,1.68,2.05,3.63,1.77,1.94,,,,,,,,3.24,1.97,,Eibar,1.7,2.1,3.9,,1.8,2.0,,,,,,,,3.25,1.96,,,,,,,3.6,,,,3.2,2.05,1.76,2.16,4.0,1.87,2.08,,,,,,,,3.35,2.08,,3.75,,,,3.3,1.92,,,,3.6,,,,3.25,1.95,3.4,,,,3.25,2.0,,,,,,,,,,,,,,,,,,,3.3,,,,3.2,2.0,13/12/2025,,,,,,,,,,,,,,,,,,,,,,,,,,,,,Cordoba,,,,,,,,,,3.3,,,,,,,3.2,2.0,,1.71,2.1,3.9,1.83,2.0,,,,,,,,3.33,2.05,1.74,2.12,1.85,2.02,,,,,4.02,,,,3.31,2.0,,,,,,,,,,,,,,,,13:00,,,,,,,,,,,,,,,,,,,,,,,,,,,,,,,,,,,,,,,,,,,,,,,,,,,,,,,,,,,,,,,,,,,,,,,,,,,,,,SP2
,,,,,,,,,,,,,-0.25,,,,,,,,1.59,2.2,3.33,1.88,1.82,,,,,,,,3.1,2.13,,Granada,1.62,2.25,3.5,,1.95,1.85,,,,,,,,3.05,2.1,,,,,,,3.4,,,,3.1,2.15,1.68,2.28,3.75,2.03,1.9,,,,,,,,3.2,2.24,,3.3,,,,3.15,2.15,,,,3.3,,,,3.13,2.1,3.2,,,,3.2,2.1,,,,,,,,,,,,,,,,,,,3.1,,,,3.1,2.1,13/12/2025,,,,,,,,,,,,,,,,,,,,,,,,,,,,,Sp Gijon,,,,,,,,,,3.1,,,,,,,3.1,2.1,,1.62,2.25,3.55,1.95,1.85,,,,,,,,3.2,2.2,1.65,2.29,2.0,1.88,,,,,3.64,,,,3.14,2.19,,,,,,,,,,,,,,,,15:15,,,,,,,,,,,,,,,,,,,,,,,,,,,,,,,,,,,,,,,,,,,,,,,,,,,,,,,,,,,,,,,,,,,,,,,,,,,,,,SP2
,,,,,,,,,,,,,-0.75,,,,,,,,1.87,1.83,4.73,1.89,1.81,,,,,,,,3.72,1.64,,Andorra,1.95,1.85,4.75,,1.98,1.83,,,,,,,,4.0,1.61,,,,,,,5.0,,,,3.6,1.67,2.0,1.9,5.4,2.04,1.85,,,,,,,,4.0,1.67,,4.7,,,,3.6,1.68,,,,4.8,,,,3.7,1.62,4.6,,,,3.75,1.63,,,,,,,,,,,,,,,,,,,4.5,,,,3.7,1.61,13/12/2025,,,,,,,,,,,,,,,,,,,,,,,,,,,,,Valladolid,,,,,,,,,,4.5,,,,,,,3.7,1.61,,1.95,1.88,5.0,1.98,1.85,,,,,,,,4.0,1.69,1.98,1.88,2.05,1.83,,,,,5.12,,,,4.05,1.63,,,,,,,,,,,,,,,,15:15,,,,,,,,,,,,,,,,,,,,,,,,,,,,,,,,,,,,,,,,,,,,,,,,,,,,,,,,,,,,,,,,,,,,,,,,,,,,,,SP2
,,,,,,,,,,,,,-0.5,,,,,,,,1.89,1.81,4.07,1.95,1.76,,,,,,,,3.56,1.77,,Leganes,2.0,1.8,4.0,,2.0,1.8,,,,,,,,3.8,1.76,,,,,,,4.2,,,,3.5,1.8,2.06,1.8,4.3,2.08,1.86,,,,,,,,3.85,1.86,,4.25,,,,3.5,1.76,,,,4.0,,,,3.6,1.75,4.0,,,,3.5,1.77,,,,,,,,,,,,,,,,,,,3.9,,,,3.4,1.75,13/12/2025,,,,,,,,,,,,,,,,,,,,,,,,,,,,,Santander,,,,,,,,,,3.9,,,,,,,3.4,1.75,,2.0,1.91,4.25,2.0,1.83,,,,,,,,3.8,1.83,2.03,1.83,2.04,1.84,,,,,4.11,,,,3.83,1.83,,,,,,,,,,,,,,,,17:30,,,,,,,,,,,,,,,,,,,,,,,,,,,,,,,,,,,,,,,,,,,,,,,,,,,,,,,,,,,,,,,,,,,,,,,,,,,,,,SP2
,,,,,,,,,,,,,-1.0,,,,,,,,1.88,1.82,6.04,1.92,1.79,,,,,,,,4.04,1.46,,Sociedad B,1.95,1.85,5.75,,1.95,1.85,,,,,,,,4.33,1.46,,,,,,,6.5,,,,4.0,1.5,1.98,1.87,7.8,,,,,,,,,,4.2,1.5,,6.25,,,,4.1,1.47,,,,6.0,,,,4.0,1.45,5.75,,,,4.1,1.47,,,,,,,,,,,,,,,,,,,5.5,,,,4.0,1.44,13/12/2025,,,,,,,,,,,,,,,,,,,,,,,,,,,,,La Coruna,,,,,,,,,,5.5,,,,,,,4.0,1.44,,1.95,1.85,6.5,1.95,1.85,,,,,,,,4.33,1.5,1.95,1.9,1.98,1.89,,,,,6.43,,,,4.29,1.5,,,,,,,,,,,,,,,,20:00,,,,,,,,,,,,,,,,,,,,,,,,,,,,,,,,,,,,,,,,,,,,,,,,,,,,,,,,,,,,,,,,,,,,,,,,,,,,,,SP2
,,,,,,,,,,,,,-0.25,,,,,,,,1.58,2.24,3.45,1.91,1.77,,,,,,,,3.06,2.09,,Cadiz,1.62,2.25,3.7,,2.0,1.8,,,,,,,,3.05,2.05,,,,,,,3.5,,,,3.1,2.1,1.65,2.28,3.8,2.04,1.84,,,,,,,,3.15,2.14,,3.4,,,,3.05,2.12,,,,3.4,,,,3.1,2.1,3.25,,,,3.1,2.15,,,,,,,,,,,,,,,,,,,3.2,,,,3.0,2.1,13/12/2025,,,,,,,,,,,,,,,,,,,,,,,,,,,,,Zaragoza,,,,,,,,,,3.2,,,,,,,3.0,2.1,,1.62,2.25,3.75,2.0,1.8,,,,,,,,3.15,2.15,1.62,2.32,2.08,1.81,,,,,3.82,,,,3.18,2.11,,,,,,,,,,,,,,,,20:00,,,,,,,,,,,,,,,,,,,,,,,,,,,,,,,,,,,,,,,,,,,,,,,,,,,,,,,,,,,,,,,,,,,,,,,,,,,,,,SP2
,,,,,,,,,,,,,-0.5,,,,,,,,1.76,1.95,3.64,1.79,1.91,,,,,,,,3.29,1.95,,Malaga,1.8,2.0,3.9,,1.83,1.98,,,,,,,,3.4,1.91,,,,,,,3.6,,,,3.3,2.0,1.82,2.04,4.0,,,,,,,,,,3.4,1.99,,3.75,,,,3.4,1.9,,,,3.7,,,,3.3,1.93,3.4,,,,3.25,2.0,,,,,,,,,,,,,,,,,,,3.3,,,,3.2,2.0,14/12/2025,,,,,,,,,,,,,,,,,,,,,,,,,,,,,Albacete,,,,,,,,,,3.3,,,,,,,3.2,2.0,,1.8,2.0,3.9,1.83,2.0,,,,,,,,3.4,2.0,1.84,2.0,1.86,2.0,,,,,3.99,,,,3.35,1.99,,,,,,,,,,,,,,,,15:15,,,,,,,,,,,,,,,,,,,,,,,,,,,,,,,,,,,,,,,,,,,,,,,,,,,,,,,,,,,,,,,,,,,,,,,,,,,,,,SP2
,,,,,,,,,,,,,-0.75,,,,,,,,1.62,2.17,4.67,1.79,1.91,,,,,,,,3.42,1.7,,Burgos,1.62,2.25,4.5,,1.83,1.98,,,,,,,,3.6,1.68,,,,,,,5.0,,,,3.4,1.7,1.64,2.28,5.5,,,,,,,,,,3.6,1.71,,4.7,,,,3.45,1.71,,,,4.75,,,,3.4,1.7,4.6,,,,3.3,1.73,,,,,,,,,,,,,,,,,,,4.4,,,,3.25,1.7,14/12/2025,,,,,,,,,,,,,,,,,,,,,,,,,,,,,Almeria,,,,,,,,,,4.4,,,,,,,3.25,1.7,,1.66,2.25,5.0,1.83,1.98,,,,,,,,3.6,1.76,1.66,2.25,1.87,1.98,,,,,4.78,,,,3.71,1.74,,,,,,,,,,,,,,,,17:30,,,,,,,,,,,,,,,,,,,,,,,,,,,,,,,,,,,,,,,,,,,,,,,,,,,,,,,,,,,,,,,,,,,,,,,,,,,,,,SP2
,,,,,,,,,,,,,0.0,,,,,,,,1.47,2.5,2.55,1.77,1.96,,,,,,,,2.9,2.81,,Las Palmas,1.48,2.6,2.55,,1.8,2.0,,,,,,,,2.95,2.82,,,,,,,2.63,,,,2.88,2.88,1.52,2.66,2.7,,,,,,,,,,2.96,3.0,,2.6,,,,2.9,2.8,,,,2.55,,,,2.9,2.8,2.5,,,,2.9,2.8,,,,,,,,,,,,,,,,,,,2.45,,,,2.87,2.75,14/12/2025,,,,,,,,,,,,,,,,,,,,,,,,,,,,,Ceuta,,,,,,,,,,2.45,,,,,,,2.87,2.75,,1.5,2.6,2.63,1.83,2.0,,,,,,,,3.0,2.9,1.5,2.62,1.82,2.05,,,,,2.64,,,,3.01,2.96,,,,,,,,,,,,,,,,20:00,,,,,,,,,,,,,,,,,,,,,,,,,,,,,,,,,,,,,,,,,,,,,,,,,,,,,,,,,,,,,,,,,,,,,,,,,,,,,,SP2
,,,,,,,,,,,,,-1.25,,,,,,,,2.09,1.66,6.35,1.8,1.91,,,,,,,,4.36,1.42,,Mirandes,2.15,1.67,6.5,,1.83,1.98,,,,,,,,4.33,1.41,,,,,,,7.0,,,,4.33,1.4,,,8.0,,,,,,,,,,4.1,1.42,,,,,,,,,,,6.5,,,,4.33,1.4,6.0,,,,4.4,1.44,,,,,,,,,,,,,,,,,,,5.75,,,,4.2,1.44,15/12/2025,,,,,,,,,,,,,,,,,,,,,,,,,,,,,Castellon,,,,,,,,,,5.75,,,,,,,4.2,1.44,,2.15,1.7,7.0,1.83,1.98,,,,,,,,4.6,1.45,2.2,1.69,1.91,1.94,,,,,7.04,,,,4.75,1.42,,,,,,,,,,,,,,,,19:30,,,,,,,,,,,,,,,,,,,,,,,,,,,,,,,,,,,,,,,,,,,,,,,,,,,,,,,,,,,,,,,,,,,,,,,,,,,,,,SP2
,,,,,,,,,,,,,0.0,,,,,,,,1.73,2.0,2.77,2.06,1.72,,,,,,,,3.19,2.48,,Genclerbirligi,1.8,2.0,2.7,,2.0,1.8,,,,,,,,3.25,2.5,,,,,,,2.8,,,,3.1,2.5,1.86,2.1,2.96,2.1,1.86,,,,,,,,3.4,2.62,,2.8,,,,3.15,2.48,,,,2.7,,,,3.2,2.45,2.65,,,,3.25,2.55,,,,,,,,,,,,,,,,,,,2.7,,,,3.3,2.6,12/12/2025,,,,,,,,,,,,,,,,,,,,,,,,,,,,,Kasimpasa,,,,,,,,,,2.7,,,,,,,3.3,2.6,,1.8,2.02,3.2,2.4,1.83,,,,,,,,3.3,2.6,1.83,2.06,2.06,1.85,,,,,2.87,,,,3.36,2.59,,,,,,,,,,,,,,,,17:00,,,,,,,,,,,,,,,,,,,,,,,,,,,,,,,,,,,,,,,,,,,,,,,,,,,,,,,,,,,,,,,,,,,,,,,,,,,,,,T1
,,,,,,,,,,,,,-0.25,,,,,,,,1.87,1.83,3.32,1.97,1.74,,,,,,,,3.41,2.06,,Eyupspor,1.93,1.88,3.3,,1.98,1.83,,,,,,,,3.4,2.05,,,,,,,3.4,,,,3.4,2.05,1.97,1.91,3.65,2.08,1.88,,,,,,,,3.55,2.18,,3.5,,,,3.5,1.98,,,,3.2,,,,3.4,2.05,3.25,,,,3.5,2.1,,,,,,,,,,,,,,,,,,,3.3,,,,3.5,2.1,13/12/2025,,,,,,,,,,,,,,,,,,,,,,,,,,,,,Rizespor,,,,,,,,,,3.3,,,,,,,3.5,2.1,,1.93,1.9,3.6,2.02,1.83,,,,,,,,3.55,2.14,1.96,1.89,2.02,1.86,,,,,3.4,,,,3.48,2.13,,,,,,,,,,,,,,,,11:30,,,,,,,,,,,,,,,,,,,,,,,,,,,,,,,,,,,,,,,,,,,,,,,,,,,,,,,,,,,,,,,,,,,,,,,,,,,,,,T1
,,,,,,,,,,,,,0.25,,,,,,,,1.96,1.75,2.25,1.88,1.78,,,,,,,,3.43,2.91,,Alanyaspor,2.0,1.8,2.2,,1.98,1.83,,,,,,,,3.5,2.85,,,,,,,2.25,,,,3.3,3.0,2.06,1.84,2.4,2.07,1.89,,,,,,,,3.65,3.05,,2.32,,,,3.45,2.8,,,,2.25,,,,3.3,2.9,2.2,,,,3.6,2.95,,,,,,,,,,,,,,,,,,,2.25,,,,3.6,3.0,13/12/2025,,,,,,,,,,,,,,,,,,,,,,,,,,,,,Kayserispor,,,,,,,,,,2.2,,,,,,,3.6,3.0,,2.02,1.83,2.38,1.98,1.9,,,,,,,,3.6,3.15,2.05,1.8,2.03,1.85,,,,,2.32,,,,3.55,2.96,,,,,,,,,,,,,,,,14:00,,,,,,,,,,,,,,,,,,,,,,,,,,,,,,,,,,,,,,,,,,,,,,,,,,,,,,,,,,,,,,,,,,,,,,,,,,,,,,T1
,,,,,,,,,,,,,1.5,,,,,,,,2.37,1.52,1.31,1.87,1.83,,,,,,,,5.13,8.11,,Galatasaray,2.4,1.53,1.3,,1.95,1.85,,,,,,,,5.25,8.0,,,,,,,1.3,,,,5.0,8.5,2.62,1.56,1.36,1.98,1.88,,,,,,,,6.0,9.0,,1.32,,,,5.0,8.5,,,,1.3,,,,5.0,8.0,1.34,,,,5.25,7.75,,,,,,,,,,,,,,,,,,,1.35,,,,5.5,8.0,13/12/2025,,,,,,,,,,,,,,,,,,,,,,,,,,,,,Antalyaspor,,,,,,,,,,1.33,,,,,,,5.25,8.0,,2.45,1.57,1.35,1.95,1.91,,,,,,,,5.5,10.0,2.58,1.51,1.99,1.88,,,,,1.33,,,,5.51,8.12,,,,,,,,,,,,,,,,17:00,,,,,,,,,,,,,,,,,,,,,,,,,,,,,,,,,,,,,,,,,,,,,,,,,,,,,,,,,,,,,,,,,,,,,,,,,,,,,,T1
,,,,,,,,,,,,,0.25,,,,,,,,1.79,1.92,2.32,1.92,1.75,,,,,,,,3.27,2.94,,Goztep,1.88,1.93,2.25,,1.98,1.83,,,,,,,,3.3,3.05,,,,,,,2.38,,,,3.2,2.88,1.89,1.94,2.36,,,,,,,,,,3.3,3.3,,2.45,,,,3.25,2.8,,,,,,,,,,2.25,,,,3.4,2.95,,,,,,,,,,,,,,,,,,,2.3,,,,3.4,3.0,14/12/2025,,,,,,,,,,,,,,,,,,,,,,,,,,,,,Gaziantep,,,,,,,,,,2.3,,,,,,,3.4,3.0,,1.88,1.98,2.5,2.05,1.85,,,,,,,,3.4,3.1,1.9,1.93,2.02,1.84,,,,,2.34,,,,3.35,3.09,,,,,,,,,,,,,,,,11:30,,,,,,,,,,,,,,,,,,,,,,,,,,,,,,,,,,,,,,,,,,,,,,,,,,,,,,,,,,,,,,,,,,,,,,,,,,,,,,T1
,,,,,,,,,,,,,0.25,,,,,,,,1.69,2.06,2.29,1.88,1.78,,,,,,,,3.15,3.07,,Kocaelispor,1.7,2.1,2.3,,1.98,1.83,,,,,,,,3.05,3.2,,,,,,,2.3,,,,3.1,3.1,1.75,2.08,2.4,,,,,,,,,,3.1,3.4,,2.32,,,,3.2,3.0,,,,2.25,,,,3.13,3.0,2.25,,,,3.25,3.0,,,,,,,,,,,,,,,,,,,2.3,,,,3.3,3.1,14/12/2025,,,,,,,,,,,,,,,,,,,,,,,,,,,,,Karagumruk,,,,,,,,,,2.3,,,,,,,3.3,3.1,,1.7,2.1,2.38,1.98,1.85,,,,,,,,3.3,3.2,1.73,2.13,2.02,1.84,,,,,2.37,,,,3.09,3.28,,,,,,,,,,,,,,,,14:00,,,,,,,,,,,,,,,,,,,,,,,,,,,,,,,,,,,,,,,,,,,,,,,,,,,,,,,,,,,,,,,,,,,,,,,,,,,,,,T1
,,,,,,,,,,,,,-0.25,,,,,,,,1.9,1.81,3.3,1.9,1.8,,,,,,,,3.37,2.08,,Buyuksehyr,1.95,1.85,3.3,,1.98,1.83,,,,,,,,3.4,2.05,,,,,,,3.4,,,,3.4,2.05,1.99,1.88,3.7,,,,,,,,,,3.5,2.14,,3.2,,,,3.35,2.17,,,,3.2,,,,3.4,2.05,3.3,,,,3.5,2.05,,,,,,,,,,,,,,,,,,,3.4,,,,3.5,2.1,14/12/2025,,,,,,,,,,,,,,,,,,,,,,,,,,,,,Samsunspor,,,,,,,,,,3.4,,,,,,,3.5,2.05,,1.95,1.87,3.5,1.98,1.83,,,,,,,,3.5,2.2,1.98,1.85,2.0,1.85,,,,,3.47,,,,3.36,2.15,,,,,,,,,,,,,,,,17:00,,,,,,,,,,,,,,,,,,,,,,,,,,,,,,,,,,,,,,,,,,,,,,,,,,,,,,,,,,,,,,,,,,,,,,,,,,,,,,T1
,,,,,,,,,,,,,0.0,,,,,,,,2.13,1.64,2.57,1.91,1.82,,,,,,,,3.53,2.45,,Besiktas,2.15,1.67,2.57,,1.95,1.85,,,,,,,,3.4,2.5,,,,,,,2.63,,,,3.4,2.5,2.22,1.73,2.86,,,,,,,,,,3.75,2.5,,2.55,,,,3.65,2.45,,,,2.55,,,,3.5,2.4,2.55,,,,3.6,2.45,,,,,,,,,,,,,,,,,,,2.6,,,,3.7,2.5,14/12/2025,,,,,,,,,,,,,,,,,,,,,,,,,,,,,Trabzonspor,,,,,,,,,,2.6,,,,,,,3.6,2.45,,2.2,1.67,2.66,1.95,1.85,,,,,,,,3.75,2.52,2.26,1.65,1.96,1.89,,,,,2.6,,,,3.72,2.52,,,,,,,,,,,,,,,,17:00,,,,,,,,,,,,,,,,,,,,,,,,,,,,,,,,,,,,,,,,,,,,,,,,,,,,,,,,,,,,,,,,,,,,,,,,,,,,,,T1
,,,,,,,,,,,,,-1.75,,,,,,,,2.47,1.49,10.2,1.83,1.86,,,,,,,,5.76,1.24,,Konyaspor,2.5,1.5,9.5,,1.85,1.95,,,,,,,,6.0,1.24,,,,,,,11.0,,,,5.5,1.25,,,12.0,,,,,,,,,,6.6,1.27,,10.5,,,,5.8,1.23,,,,10.5,,,,5.5,1.22,9.75,,,,6.0,1.26,,,,,,,,,,,,,,,,,,,10.0,,,,6.0,1.28,15/12/2025,,,,,,,,,,,,,,,,,,,,,,,,,,,,,Fenerbahce,,,,,,,,,,10.0,,,,,,,6.0,1.25,,2.55,1.5,12.0,1.86,1.95,,,,,,,,6.1,1.28,2.55,1.51,1.85,1.98,,,,,10.09,,,,6.37,1.24,,,,,,,,,,,,,,,,17:00,,,,,,,,,,,,,,,,,,,,,,,,,,,,,,,,,,,,,,,,,,,,,,,,,,,,,,,,,,,,,,,,,,,,,,,,,,,,,,T1
